
--
-- Table structure for table `acc_account_name`
--

CREATE TABLE IF NOT EXISTS `acc_account_name` (
  `account_id` int(11) UNSIGNED NOT NULL AUTO_INCREMENT,
  `account_name` varchar(255) NOT NULL,
  `account_type` int(11) NOT NULL,
  PRIMARY KEY (`account_id`)
) ENGINE=InnoDB AUTO_INCREMENT=6 DEFAULT CHARSET=utf8;

--
-- Dumping data for table `acc_account_name`
--

INSERT INTO `acc_account_name` (`account_id`, `account_name`, `account_type`) VALUES
(1, 'Employee Salary', 0),
(3, 'Example', 1),
(4, 'Loan Expense', 0),
(5, 'Loan Income', 1);

-- --------------------------------------------------------

--
-- Table structure for table `acc_coa`
--

CREATE TABLE IF NOT EXISTS `acc_coa` (
  `HeadCode` varchar(50) COLLATE utf8_unicode_ci NOT NULL,
  `HeadName` varchar(100) COLLATE utf8_unicode_ci NOT NULL,
  `PHeadName` varchar(50) COLLATE utf8_unicode_ci NOT NULL,
  `HeadLevel` int(11) NOT NULL,
  `IsActive` tinyint(1) NOT NULL,
  `IsTransaction` tinyint(1) NOT NULL,
  `IsGL` tinyint(1) NOT NULL,
  `HeadType` char(1) COLLATE utf8_unicode_ci NOT NULL,
  `IsBudget` tinyint(1) NOT NULL,
  `IsDepreciation` tinyint(1) NOT NULL,
  `DepreciationRate` decimal(18,2) NOT NULL,
  `CreateBy` varchar(50) COLLATE utf8_unicode_ci NOT NULL,
  `CreateDate` datetime NOT NULL,
  `UpdateBy` varchar(50) COLLATE utf8_unicode_ci NOT NULL,
  `UpdateDate` datetime NOT NULL,
  PRIMARY KEY (`HeadName`)
) ENGINE=InnoDB DEFAULT CHARSET=utf8 COLLATE=utf8_unicode_ci;

--
-- Dumping data for table `acc_coa`
--

INSERT INTO `acc_coa` (`HeadCode`, `HeadName`, `PHeadName`, `HeadLevel`, `IsActive`, `IsTransaction`, `IsGL`, `HeadType`, `IsBudget`, `IsDepreciation`, `DepreciationRate`, `CreateBy`, `CreateDate`, `UpdateBy`, `UpdateDate`) VALUES
('4021403', 'AC', 'Repair and Maintenance', 3, 1, 1, 0, 'E', 0, 0, '0.00', 'admin', '2015-10-15 19:33:55', '', '0000-00-00 00:00:00'),
('50202', 'Account Payable', 'Current Liabilities', 2, 1, 0, 1, 'L', 0, 0, '0.00', 'admin', '2015-10-15 19:50:43', '', '0000-00-00 00:00:00'),
('10203', 'Account Receivable', 'Current Asset', 2, 1, 0, 0, 'A', 0, 0, '0.00', '', '0000-00-00 00:00:00', 'admin', '2013-09-18 15:29:35'),
('1020201', 'Advance', 'Advance, Deposit And Pre-payments', 3, 1, 0, 1, 'A', 0, 0, '0.00', 'Zoherul', '2015-05-31 13:29:12', 'admin', '2015-12-31 16:46:32'),
('102020103', 'Advance House Rent', 'Advance', 4, 1, 1, 0, 'A', 0, 0, '0.00', 'admin', '2016-10-02 16:55:38', 'admin', '2016-10-02 16:57:32'),
('10202', 'Advance, Deposit And Pre-payments', 'Current Asset', 2, 1, 0, 0, 'A', 0, 0, '0.00', '', '0000-00-00 00:00:00', 'admin', '2015-12-31 16:46:24'),
('4020602', 'Advertisement and Publicity', 'Promonational Expence', 3, 1, 1, 0, 'E', 0, 0, '0.00', 'admin', '2015-10-15 18:51:44', '', '0000-00-00 00:00:00'),
('1010410', 'Air Cooler', 'Others Assets', 3, 1, 1, 0, 'A', 0, 0, '0.00', 'admin', '2016-05-23 12:13:55', '', '0000-00-00 00:00:00'),
('4020603', 'AIT Against Advertisement', 'Promonational Expence', 3, 1, 1, 0, 'E', 0, 0, '0.00', 'admin', '2015-10-15 18:52:09', '', '0000-00-00 00:00:00'),
('1', 'Assets', 'COA', 0, 1, 0, 0, 'A', 0, 0, '0.00', '', '0000-00-00 00:00:00', '', '0000-00-00 00:00:00'),
('1010204', 'Attendance Machine', 'Office Equipment', 3, 1, 1, 0, 'A', 0, 0, '0.00', 'admin', '2015-10-15 15:49:31', '', '0000-00-00 00:00:00'),
('40216', 'Audit Fee', 'Other Expenses', 2, 1, 1, 1, 'E', 0, 0, '0.00', 'admin', '2017-07-18 12:54:30', '', '0000-00-00 00:00:00'),
('102010202', 'Bank AlFalah', 'Cash At Bank', 4, 1, 1, 1, 'A', 0, 0, '0.00', 'admin', '2015-10-15 15:32:37', 'admin', '2015-10-15 15:32:52'),
('4021002', 'Bank Charge', 'Financial Expenses', 3, 1, 1, 0, 'E', 0, 0, '0.00', 'admin', '2015-10-15 19:21:03', '', '0000-00-00 00:00:00'),
('30203', 'Bank Interest', 'Other Income', 2, 1, 1, 1, 'I', 0, 0, '0.00', 'Obaidul', '2015-01-03 14:49:54', 'admin', '2016-09-25 11:04:19'),
('1010104', 'Book Shelf', 'Furniture & Fixturers', 3, 1, 1, 0, 'A', 0, 0, '0.00', 'admin', '2015-10-15 15:46:11', '', '0000-00-00 00:00:00'),
('1010407', 'Books and Journal', 'Others Assets', 3, 1, 1, 0, 'A', 0, 0, '0.00', 'admin', '2016-03-27 10:45:37', '', '0000-00-00 00:00:00'),
('10201020301', 'Branch 1', 'Standard Bank', 5, 1, 1, 1, 'A', 0, 0, '0.00', '2', '2018-07-19 13:44:33', '', '0000-00-00 00:00:00'),
('4020604', 'Business Development Expenses', 'Promonational Expence', 3, 1, 1, 0, 'E', 0, 0, '0.00', 'admin', '2015-10-15 18:52:29', '', '0000-00-00 00:00:00'),
('4020606', 'Campaign Expenses', 'Promonational Expence', 3, 1, 1, 0, 'E', 0, 0, '0.00', 'admin', '2015-10-15 18:52:57', 'admin', '2016-09-19 14:52:48'),
('4020502', 'Campus Rent', 'House Rent', 3, 1, 1, 0, 'E', 0, 0, '0.00', 'admin', '2015-10-15 18:46:53', 'admin', '2017-04-27 17:02:39'),
('40212', 'Car Running Expenses', 'Other Expenses', 2, 1, 0, 1, 'E', 0, 0, '0.00', 'admin', '2015-10-15 19:28:43', '', '0000-00-00 00:00:00'),
('10201', 'Cash & Cash Equivalent', 'Current Asset', 2, 1, 0, 0, 'A', 0, 0, '0.00', '', '0000-00-00 00:00:00', 'admin', '2015-10-15 15:57:55'),
('1020102', 'Cash At Bank', 'Cash & Cash Equivalent', 3, 1, 0, 0, 'A', 0, 0, '0.00', '2', '2018-07-19 13:43:59', 'admin', '2015-10-15 15:32:42'),
('1020101', 'Cash In Hand', 'Cash & Cash Equivalent', 3, 1, 1, 1, 'A', 0, 0, '0.00', '2', '2018-07-31 12:56:28', 'admin', '2016-05-23 12:05:43'),
('30101', 'Cash Sale', 'Store Income', 1, 1, 1, 1, 'I', 0, 0, '0.00', '2', '2018-07-08 07:51:26', '', '0000-00-00 00:00:00'),
('1010207', 'CCTV', 'Office Equipment', 3, 1, 1, 0, 'A', 0, 0, '0.00', 'admin', '2015-10-15 15:51:24', '', '0000-00-00 00:00:00'),
('102020102', 'CEO Current A/C', 'Advance', 4, 1, 1, 0, 'A', 0, 0, '0.00', 'admin', '2016-09-25 11:54:54', '', '0000-00-00 00:00:00'),
('1010101', 'Class Room Chair', 'Furniture & Fixturers', 3, 1, 1, 0, 'A', 0, 0, '0.00', 'admin', '2015-10-15 15:45:29', '', '0000-00-00 00:00:00'),
('4021407', 'Close Circuit Cemera', 'Repair and Maintenance', 3, 1, 1, 0, 'E', 0, 0, '0.00', 'admin', '2015-10-15 19:35:35', '', '0000-00-00 00:00:00'),
('4020601', 'Commision on Admission', 'Promonational Expence', 3, 1, 1, 0, 'E', 0, 0, '0.00', 'admin', '2015-10-15 18:51:21', 'admin', '2016-09-19 14:42:54'),
('1010206', 'Computer', 'Office Equipment', 3, 1, 1, 0, 'A', 0, 0, '0.00', 'admin', '2015-10-15 15:51:09', '', '0000-00-00 00:00:00'),
('4021410', 'Computer (R)', 'Repair and Maintenance', 3, 1, 1, 0, 'E', 0, 0, '0.00', 'Zoherul', '2016-03-24 12:38:52', 'Zoherul', '2016-03-24 12:41:40'),
('1010102', 'Computer Table', 'Furniture & Fixturers', 3, 1, 1, 0, 'A', 0, 0, '0.00', 'admin', '2015-10-15 15:45:44', '', '0000-00-00 00:00:00'),
('301020401', 'Continuing Registration fee - UoL (Income)', 'Registration Fee (UOL) Income', 4, 1, 1, 0, 'I', 0, 0, '0.00', 'admin', '2015-10-15 17:40:40', '', '0000-00-00 00:00:00'),
('4020904', 'Contratuall Staff Salary', 'Salary & Allowances', 3, 1, 1, 0, 'E', 0, 0, '0.00', 'admin', '2015-10-15 19:12:34', '', '0000-00-00 00:00:00'),
('403', 'Cost of Sale', 'Expence', 0, 1, 1, 0, 'E', 0, 0, '0.00', '2', '2018-07-08 10:37:16', '', '0000-00-00 00:00:00'),
('30102', 'Credit Sale', 'Store Income', 1, 1, 1, 1, 'I', 0, 0, '0.00', '2', '2018-07-08 07:51:34', '', '0000-00-00 00:00:00'),
('4020709', 'Cultural Expense', 'Miscellaneous Expenses', 3, 1, 1, 0, 'E', 0, 0, '0.00', 'nasmud', '2017-04-29 12:45:10', '', '0000-00-00 00:00:00'),
('102', 'Current Asset', 'Assets', 1, 1, 0, 0, 'A', 0, 0, '0.00', '', '0000-00-00 00:00:00', 'admin', '2018-07-07 11:23:00'),
('502', 'Current Liabilities', 'Liabilities', 1, 1, 0, 0, 'L', 0, 0, '0.00', 'anwarul', '2014-08-30 13:18:20', 'admin', '2015-10-15 19:49:21'),
('40100002', 'cw-Chichawatni', 'Store Expenses', 2, 1, 1, 0, 'E', 0, 0, '0.00', '2', '2018-08-02 16:30:41', '', '0000-00-00 00:00:00'),
('1020202', 'Deposit', 'Advance, Deposit And Pre-payments', 3, 1, 0, 0, 'A', 0, 0, '0.00', 'admin', '2015-10-15 15:40:42', '', '0000-00-00 00:00:00'),
('4020605', 'Design & Printing Expense', 'Promonational Expence', 3, 1, 1, 0, 'E', 0, 0, '0.00', 'admin', '2015-10-15 18:55:00', '', '0000-00-00 00:00:00'),
('4020404', 'Dish Bill', 'Utility Expenses', 3, 1, 1, 0, 'E', 0, 0, '0.00', 'admin', '2015-10-15 18:58:21', '', '0000-00-00 00:00:00'),
('40215', 'Dividend', 'Other Expenses', 2, 1, 1, 1, 'E', 0, 0, '0.00', 'admin', '2016-09-25 14:07:55', '', '0000-00-00 00:00:00'),
('4020403', 'Drinking Water Bill', 'Utility Expenses', 3, 1, 1, 0, 'E', 0, 0, '0.00', 'admin', '2015-10-15 18:58:10', '', '0000-00-00 00:00:00'),
('1010211', 'DSLR Camera', 'Office Equipment', 3, 1, 1, 0, 'A', 0, 0, '0.00', 'admin', '2015-10-15 15:53:17', 'admin', '2016-01-02 16:23:25'),
('4020908', 'Earned Leave', 'Salary & Allowances', 3, 1, 1, 0, 'E', 0, 0, '0.00', 'admin', '2015-10-15 19:13:38', '', '0000-00-00 00:00:00'),
('4020607', 'Education Fair Expenses', 'Promonational Expence', 3, 1, 1, 0, 'E', 0, 0, '0.00', 'admin', '2015-10-15 18:53:42', '', '0000-00-00 00:00:00'),
('1010602', 'Electric Equipment', 'Electrical Equipment', 3, 1, 1, 0, 'A', 0, 0, '0.00', 'admin', '2016-03-27 10:44:51', '', '0000-00-00 00:00:00'),
('1010203', 'Electric Kettle', 'Office Equipment', 3, 1, 1, 0, 'A', 0, 0, '0.00', 'admin', '2015-10-15 15:49:07', '', '0000-00-00 00:00:00'),
('10106', 'Electrical Equipment', 'Non Current Assets', 2, 1, 0, 1, 'A', 0, 0, '0.00', 'admin', '2016-03-27 10:43:44', '', '0000-00-00 00:00:00'),
('4020407', 'Electricity Bill', 'Utility Expenses', 3, 1, 1, 0, 'E', 0, 0, '0.00', 'admin', '2015-10-15 18:59:31', '', '0000-00-00 00:00:00'),
('10202010501', 'employ', 'Salary', 5, 1, 0, 0, 'A', 0, 0, '0.00', 'admin', '2018-07-05 11:47:10', '', '0000-00-00 00:00:00'),
('1020301', 'Employee Receivable', 'Account Receivable', 3, 1, 0, 1, 'A', 0, 0, '0.00', '2', '2018-10-17 11:13:45', 'admin', '2018-07-07 12:31:42'),
('40201', 'Entertainment', 'Other Expenses', 2, 1, 1, 1, 'E', 0, 0, '0.00', 'admin', '2013-07-08 16:21:26', 'anwarul', '2013-07-17 14:21:47'),
('2', 'Equity', 'COA', 0, 1, 0, 0, 'L', 0, 0, '0.00', '', '0000-00-00 00:00:00', '', '0000-00-00 00:00:00'),
('4', 'Expence', 'COA', 0, 1, 0, 0, 'E', 0, 0, '0.00', '', '0000-00-00 00:00:00', '', '0000-00-00 00:00:00'),
('4020903', 'Faculty,Staff Salary & Allowances', 'Salary & Allowances', 3, 1, 1, 0, 'E', 0, 0, '0.00', 'admin', '2015-10-15 19:12:21', '', '0000-00-00 00:00:00'),
('4021404', 'Fax Machine', 'Repair and Maintenance', 3, 1, 1, 0, 'E', 0, 0, '0.00', 'admin', '2015-10-15 19:34:15', '', '0000-00-00 00:00:00'),
('4020905', 'Festival & Incentive Bonus', 'Salary & Allowances', 3, 1, 1, 0, 'E', 0, 0, '0.00', 'admin', '2015-10-15 19:12:48', '', '0000-00-00 00:00:00'),
('1010103', 'File Cabinet', 'Furniture & Fixturers', 3, 1, 1, 0, 'A', 0, 0, '0.00', 'admin', '2015-10-15 15:46:02', '', '0000-00-00 00:00:00'),
('40210', 'Financial Expenses', 'Other Expenses', 2, 1, 0, 1, 'E', 0, 0, '0.00', 'anwarul', '2013-08-20 12:24:31', 'admin', '2015-10-15 19:20:36'),
('1010403', 'Fire Extingushier', 'Others Assets', 3, 1, 1, 0, 'A', 0, 0, '0.00', 'admin', '2016-03-27 10:39:32', '', '0000-00-00 00:00:00'),
('4021408', 'Furniture', 'Repair and Maintenance', 3, 1, 1, 0, 'E', 0, 0, '0.00', 'admin', '2015-10-15 19:35:47', '', '0000-00-00 00:00:00'),
('10101', 'Furniture & Fixturers', 'Non Current Assets', 2, 1, 0, 1, 'A', 0, 0, '0.00', 'anwarul', '2013-08-20 16:18:15', 'anwarul', '2013-08-21 13:35:40'),
('4020406', 'Gas Bill', 'Utility Expenses', 3, 1, 1, 0, 'E', 0, 0, '0.00', 'admin', '2015-10-15 18:59:20', '', '0000-00-00 00:00:00'),
('20201', 'General Reserve', 'Reserve & Surplus', 2, 1, 1, 0, 'L', 0, 0, '0.00', 'admin', '2016-09-25 14:07:12', 'admin', '2016-10-02 17:48:49'),
('10105', 'Generator', 'Non Current Assets', 2, 1, 1, 1, 'A', 0, 0, '0.00', 'Zoherul', '2016-02-27 16:02:35', 'admin', '2016-05-23 12:05:18'),
('4021414', 'Generator Repair', 'Repair and Maintenance', 3, 1, 1, 0, 'E', 0, 0, '0.00', 'Zoherul', '2016-06-16 10:21:05', '', '0000-00-00 00:00:00'),
('40213', 'Generator Running Expenses', 'Other Expenses', 2, 1, 0, 1, 'E', 0, 0, '0.00', 'admin', '2015-10-15 19:29:29', '', '0000-00-00 00:00:00'),
('10103', 'Groceries and Cutleries', 'Non Current Assets', 2, 1, 1, 1, 'A', 0, 0, '0.00', '2', '2018-07-12 10:02:55', '', '0000-00-00 00:00:00'),
('1010408', 'Gym Equipment', 'Others Assets', 3, 1, 1, 0, 'A', 0, 0, '0.00', 'admin', '2016-03-27 10:46:03', '', '0000-00-00 00:00:00'),
('4020907', 'Honorarium', 'Salary & Allowances', 3, 1, 1, 0, 'E', 0, 0, '0.00', 'admin', '2015-10-15 19:13:26', '', '0000-00-00 00:00:00'),
('40205', 'House Rent', 'Other Expenses', 2, 1, 0, 1, 'E', 0, 0, '0.00', 'anwarul', '2013-08-24 10:26:56', '', '0000-00-00 00:00:00'),
('40100001', 'HP-Hasilpur', 'Academic Expenses', 2, 1, 1, 0, 'E', 0, 0, '0.00', '2', '2018-07-29 03:44:23', '', '0000-00-00 00:00:00'),
('4020702', 'HR Recruitment Expenses', 'Miscellaneous Expenses', 3, 1, 1, 0, 'E', 0, 0, '0.00', 'admin', '2016-09-25 12:55:49', '', '0000-00-00 00:00:00'),
('4020703', 'Incentive on Admission', 'Miscellaneous Expenses', 3, 1, 1, 0, 'E', 0, 0, '0.00', 'admin', '2016-09-25 12:56:09', '', '0000-00-00 00:00:00'),
('3', 'Income', 'COA', 0, 1, 0, 0, 'I', 0, 0, '0.00', '', '0000-00-00 00:00:00', '', '0000-00-00 00:00:00'),
('30204', 'Income from Photocopy & Printing', 'Other Income', 2, 1, 1, 1, 'I', 0, 0, '0.00', 'Zoherul', '2015-07-14 10:29:54', 'admin', '2016-09-25 11:04:28'),
('5020302', 'Income Tax Payable', 'Liabilities for Expenses', 3, 1, 0, 1, 'L', 0, 0, '0.00', 'admin', '2016-09-19 11:18:17', 'admin', '2016-09-28 13:18:35'),
('102020302', 'Insurance Premium', 'Prepayment', 4, 1, 1, 0, 'A', 0, 0, '0.00', 'admin', '2016-09-19 13:10:57', '', '0000-00-00 00:00:00'),
('4021001', 'Interest on Loan', 'Financial Expenses', 3, 1, 1, 0, 'E', 0, 0, '0.00', 'admin', '2015-10-15 19:20:53', 'admin', '2016-09-19 14:53:34'),
('4020401', 'Internet Bill', 'Utility Expenses', 3, 1, 1, 0, 'E', 0, 0, '0.00', 'admin', '2015-10-15 18:56:55', 'admin', '2015-10-15 18:57:32'),
('10107', 'Inventory', 'Non Current Assets', 1, 1, 0, 0, 'A', 0, 0, '0.00', '2', '2018-07-07 15:21:58', '', '0000-00-00 00:00:00'),
('10205010101', 'Jahangir', 'Hasan', 1, 1, 0, 0, 'A', 0, 0, '0.00', '2', '2018-07-07 10:40:56', '', '0000-00-00 00:00:00'),
('1010210', 'LCD TV', 'Office Equipment', 3, 1, 1, 0, 'A', 0, 0, '0.00', 'admin', '2015-10-15 15:52:27', '', '0000-00-00 00:00:00'),
('30103', 'Lease Sale', 'Store Income', 1, 1, 1, 1, 'I', 0, 0, '0.00', '2', '2018-07-08 07:51:52', '', '0000-00-00 00:00:00'),
('5', 'Liabilities', 'COA', 0, 1, 0, 0, 'L', 0, 0, '0.00', 'admin', '2013-07-04 12:32:07', 'admin', '2015-10-15 19:46:54'),
('50203', 'Liabilities for Expenses', 'Current Liabilities', 2, 1, 0, 0, 'L', 0, 0, '0.00', 'admin', '2015-10-15 19:50:59', '', '0000-00-00 00:00:00'),
('4020707', 'Library Expenses', 'Miscellaneous Expenses', 3, 1, 1, 0, 'E', 0, 0, '0.00', 'admin', '2017-01-10 15:34:54', '', '0000-00-00 00:00:00'),
('4021409', 'Lift', 'Repair and Maintenance', 3, 1, 1, 0, 'E', 0, 0, '0.00', 'admin', '2015-10-15 19:36:12', '', '0000-00-00 00:00:00'),
('50101', 'Long Term Borrowing', 'Non Current Liabilities', 2, 1, 0, 1, 'L', 0, 0, '0.00', 'admin', '2013-07-04 12:32:26', 'admin', '2015-10-15 19:47:40'),
('4020608', 'Marketing & Promotion Exp.', 'Promonational Expence', 3, 1, 1, 0, 'E', 0, 0, '0.00', 'admin', '2015-10-15 18:53:59', '', '0000-00-00 00:00:00'),
('4020901', 'Medical Allowance', 'Salary & Allowances', 3, 1, 1, 0, 'E', 0, 0, '0.00', 'admin', '2015-10-15 19:11:33', '', '0000-00-00 00:00:00'),
('1010411', 'Metal Ditector', 'Others Assets', 3, 1, 1, 0, 'A', 0, 0, '0.00', 'Zoherul', '2016-08-22 10:55:22', '', '0000-00-00 00:00:00'),
('4021413', 'Micro Oven', 'Repair and Maintenance', 3, 1, 1, 0, 'E', 0, 0, '0.00', 'Zoherul', '2016-05-12 14:53:51', '', '0000-00-00 00:00:00'),
('30202', 'Miscellaneous (Income)', 'Other Income', 2, 1, 1, 1, 'I', 0, 0, '0.00', 'anwarul', '2014-02-06 15:26:31', 'admin', '2016-09-25 11:04:35'),
('4020909', 'Miscellaneous Benifit', 'Salary & Allowances', 3, 1, 1, 0, 'E', 0, 0, '0.00', 'admin', '2015-10-15 19:13:53', '', '0000-00-00 00:00:00'),
('4020701', 'Miscellaneous Exp', 'Miscellaneous Expenses', 3, 1, 1, 0, 'E', 0, 0, '0.00', 'admin', '2016-09-25 12:54:39', '', '0000-00-00 00:00:00'),
('40207', 'Miscellaneous Expenses', 'Other Expenses', 2, 1, 0, 1, 'E', 0, 0, '0.00', 'anwarul', '2014-04-26 16:49:56', 'admin', '2016-09-25 12:54:19'),
('1010401', 'Mobile Phone', 'Others Assets', 3, 1, 1, 0, 'A', 0, 0, '0.00', 'admin', '2016-01-29 10:43:30', '', '0000-00-00 00:00:00'),
('102020101', 'Mr Ashiqur Rahman', 'Advance', 4, 1, 1, 0, 'A', 0, 0, '0.00', 'admin', '2015-12-31 16:47:23', 'admin', '2016-09-25 11:55:13'),
('1010212', 'Network Accessories', 'Office Equipment', 3, 1, 1, 0, 'A', 0, 0, '0.00', 'admin', '2016-01-02 16:23:32', '', '0000-00-00 00:00:00'),
('4020408', 'News Paper Bill', 'Utility Expenses', 3, 1, 1, 0, 'E', 0, 0, '0.00', 'admin', '2016-01-02 15:55:57', '', '0000-00-00 00:00:00'),
('101', 'Non Current Assets', 'Assets', 1, 1, 0, 0, 'A', 0, 0, '0.00', '', '0000-00-00 00:00:00', 'admin', '2015-10-15 15:29:11'),
('501', 'Non Current Liabilities', 'Liabilities', 1, 1, 0, 0, 'L', 0, 0, '0.00', 'anwarul', '2014-08-30 13:18:20', 'admin', '2015-10-15 19:49:21'),
('1010404', 'Office Decoration', 'Others Assets', 3, 1, 1, 0, 'A', 0, 0, '0.00', 'admin', '2016-03-27 10:40:02', '', '0000-00-00 00:00:00'),
('10102', 'Office Equipment', 'Non Current Assets', 2, 1, 0, 1, 'A', 0, 0, '0.00', 'anwarul', '2013-12-06 18:08:00', 'admin', '2015-10-15 15:48:21'),
('4021401', 'Office Repair & Maintenance', 'Repair and Maintenance', 3, 1, 1, 0, 'E', 0, 0, '0.00', 'admin', '2015-10-15 19:33:15', '', '0000-00-00 00:00:00'),
('30201', 'Office Stationary (Income)', 'Other Income', 2, 1, 1, 1, 'I', 0, 0, '0.00', 'anwarul', '2013-07-17 15:21:06', 'admin', '2016-09-25 11:04:50'),
('402', 'Other Expenses', 'Expence', 1, 1, 0, 0, 'E', 0, 0, '0.00', '2', '2018-07-07 14:00:16', 'admin', '2015-10-15 18:37:42'),
('302', 'Other Income', 'Income', 1, 1, 0, 0, 'I', 0, 0, '0.00', '2', '2018-07-07 13:40:57', 'admin', '2016-09-25 11:04:09'),
('40211', 'Others (Non Academic Expenses)', 'Other Expenses', 2, 1, 0, 1, 'E', 0, 0, '0.00', 'Obaidul', '2014-12-03 16:05:42', 'admin', '2015-10-15 19:22:09'),
('30205', 'Others (Non-Academic Income)', 'Other Income', 2, 1, 0, 1, 'I', 0, 0, '0.00', 'admin', '2015-10-15 17:23:49', 'admin', '2015-10-15 17:57:52'),
('10104', 'Others Assets', 'Non Current Assets', 2, 1, 0, 1, 'A', 0, 0, '0.00', 'admin', '2016-01-29 10:43:16', '', '0000-00-00 00:00:00'),
('4020910', 'Outstanding Salary', 'Salary & Allowances', 3, 1, 1, 0, 'E', 0, 0, '0.00', 'Zoherul', '2016-04-24 11:56:50', '', '0000-00-00 00:00:00'),
('4021405', 'Oven', 'Repair and Maintenance', 3, 1, 1, 0, 'E', 0, 0, '0.00', 'admin', '2015-10-15 19:34:31', '', '0000-00-00 00:00:00'),
('4021412', 'PABX-Repair', 'Repair and Maintenance', 3, 1, 1, 0, 'E', 0, 0, '0.00', 'Zoherul', '2016-04-24 14:40:18', '', '0000-00-00 00:00:00'),
('4020902', 'Part-time Staff Salary', 'Salary & Allowances', 3, 1, 1, 0, 'E', 0, 0, '0.00', 'admin', '2015-10-15 19:12:06', '', '0000-00-00 00:00:00'),
('1010202', 'Photocopy & Fax Machine', 'Office Equipment', 3, 1, 1, 0, 'A', 0, 0, '0.00', 'admin', '2015-10-15 15:47:27', 'admin', '2016-05-23 12:14:40'),
('4021411', 'Photocopy Machine Repair', 'Repair and Maintenance', 3, 1, 1, 0, 'E', 0, 0, '0.00', 'Zoherul', '2016-04-24 12:40:02', 'admin', '2017-04-27 17:03:17'),
('3020503', 'Practical Fee', 'Others (Non-Academic Income)', 3, 1, 1, 1, 'I', 0, 0, '0.00', 'admin', '2017-07-22 18:00:37', '', '0000-00-00 00:00:00'),
('1020203', 'Prepayment', 'Advance, Deposit And Pre-payments', 3, 1, 0, 1, 'A', 0, 0, '0.00', 'admin', '2015-10-15 15:40:51', 'admin', '2015-12-31 16:49:58'),
('1010201', 'Printer', 'Office Equipment', 3, 1, 1, 0, 'A', 0, 0, '0.00', 'admin', '2015-10-15 15:47:15', '', '0000-00-00 00:00:00'),
('40202', 'Printing and Stationary', 'Other Expenses', 2, 1, 1, 1, 'E', 0, 0, '0.00', 'admin', '2013-07-08 16:21:45', 'admin', '2016-09-19 14:39:32'),
('3020502', 'Professional Training Course(Oracal-1)', 'Others (Non-Academic Income)', 3, 1, 1, 0, 'I', 0, 0, '0.00', 'nasim', '2017-06-22 13:28:05', '', '0000-00-00 00:00:00'),
('30207', 'Professional Training Course(Oracal)', 'Other Income', 2, 1, 0, 1, 'I', 0, 0, '0.00', 'nasim', '2017-06-22 13:24:16', 'nasim', '2017-06-22 13:25:56'),
('1010208', 'Projector', 'Office Equipment', 3, 1, 1, 0, 'A', 0, 0, '0.00', 'admin', '2015-10-15 15:51:44', '', '0000-00-00 00:00:00'),
('40206', 'Promonational Expence', 'Other Expenses', 2, 1, 0, 1, 'E', 0, 0, '0.00', 'anwarul', '2013-07-11 13:48:57', 'anwarul', '2013-07-17 14:23:03'),
('40214', 'Repair and Maintenance', 'Other Expenses', 2, 1, 0, 1, 'E', 0, 0, '0.00', 'admin', '2015-10-15 19:32:46', '', '0000-00-00 00:00:00'),
('202', 'Reserve & Surplus', 'Equity', 1, 1, 0, 1, 'L', 0, 0, '0.00', 'admin', '2016-09-25 14:06:34', 'admin', '2016-10-02 17:48:57'),
('20102', 'Retained Earnings', 'Share Holders Equity', 2, 1, 1, 1, 'L', 0, 0, '0.00', 'admin', '2016-05-23 11:20:40', 'admin', '2016-09-25 14:05:06'),
('4020708', 'River Cruse', 'Miscellaneous Expenses', 3, 1, 1, 0, 'E', 0, 0, '0.00', 'admin', '2017-04-24 15:35:25', '', '0000-00-00 00:00:00'),
('102020105', 'Salary', 'Advance', 4, 1, 0, 0, 'A', 0, 0, '0.00', 'admin', '2018-07-05 11:46:44', '', '0000-00-00 00:00:00'),
('40209', 'Salary & Allowances', 'Other Expenses', 2, 1, 0, 1, 'E', 0, 0, '0.00', 'anwarul', '2013-12-12 11:22:58', '', '0000-00-00 00:00:00'),
('404', 'Sale Discount', 'Expence', 1, 1, 1, 0, 'E', 0, 0, '0.00', '2', '2018-07-19 10:15:11', '', '0000-00-00 00:00:00'),
('1010406', 'Security Equipment', 'Others Assets', 3, 1, 1, 0, 'A', 0, 0, '0.00', 'admin', '2016-03-27 10:41:30', '', '0000-00-00 00:00:00'),
('20101', 'Share Capital', 'Share Holders Equity', 2, 1, 0, 1, 'L', 0, 0, '0.00', 'anwarul', '2013-12-08 19:37:32', 'admin', '2015-10-15 19:45:35'),
('201', 'Share Holders Equity', 'Equity', 1, 1, 0, 0, 'L', 0, 0, '0.00', '', '0000-00-00 00:00:00', 'admin', '2015-10-15 19:43:51'),
('50201', 'Short Term Borrowing', 'Current Liabilities', 2, 1, 0, 1, 'L', 0, 0, '0.00', 'admin', '2015-10-15 19:50:30', '', '0000-00-00 00:00:00'),
('40208', 'Software Development Expenses', 'Other Expenses', 2, 1, 0, 1, 'E', 0, 0, '0.00', 'anwarul', '2013-11-21 14:13:01', 'admin', '2015-10-15 19:02:51'),
('4020906', 'Special Allowances', 'Salary & Allowances', 3, 1, 1, 0, 'E', 0, 0, '0.00', 'admin', '2015-10-15 19:13:13', '', '0000-00-00 00:00:00'),
('50102', 'Sponsors Loan', 'Non Current Liabilities', 2, 1, 0, 1, 'L', 0, 0, '0.00', 'admin', '2015-10-15 19:48:02', '', '0000-00-00 00:00:00'),
('4020706', 'Sports Expense', 'Miscellaneous Expenses', 3, 1, 1, 0, 'E', 0, 0, '0.00', 'nasmud', '2016-11-09 13:16:53', '', '0000-00-00 00:00:00'),
('102010203', 'Standard Bank', 'Cash At Bank', 4, 1, 1, 1, 'A', 0, 0, '0.00', 'admin', '2015-10-15 15:33:33', 'admin', '2015-10-15 15:33:48'),
('102010204', 'State Bank', 'Cash At Bank', 4, 1, 1, 1, 'A', 0, 0, '0.00', 'admin', '2015-12-31 16:44:14', '', '0000-00-00 00:00:00'),
('401', 'Store Expenses', 'Expence', 1, 1, 0, 0, 'E', 0, 0, '0.00', '2', '2018-07-07 13:38:59', 'admin', '2015-10-15 17:58:46'),
('301', 'Store Income', 'Income', 1, 1, 0, 0, 'I', 0, 0, '0.00', '2', '2018-07-07 13:40:37', 'admin', '2015-09-17 17:00:02'),
('3020501', 'Students Info. Correction Fee', 'Others (Non-Academic Income)', 3, 1, 1, 0, 'I', 0, 0, '0.00', 'admin', '2015-10-15 17:24:45', '', '0000-00-00 00:00:00'),
('1010601', 'Sub Station', 'Electrical Equipment', 3, 1, 1, 0, 'A', 0, 0, '0.00', 'admin', '2016-03-27 10:44:11', '', '0000-00-00 00:00:00'),
('4020704', 'TB Care Expenses', 'Miscellaneous Expenses', 3, 1, 1, 0, 'E', 0, 0, '0.00', 'admin', '2016-10-08 13:03:04', '', '0000-00-00 00:00:00'),
('30206', 'TB Care Income', 'Other Income', 2, 1, 1, 1, 'I', 0, 0, '0.00', 'admin', '2016-10-08 13:00:56', '', '0000-00-00 00:00:00'),
('4020501', 'TDS on House Rent', 'House Rent', 3, 1, 1, 0, 'E', 0, 0, '0.00', 'admin', '2015-10-15 18:44:07', 'admin', '2016-09-19 14:40:16'),
('502030201', 'TDS Payable House Rent', 'Income Tax Payable', 4, 1, 1, 0, 'L', 0, 0, '0.00', 'admin', '2016-09-19 11:19:42', 'admin', '2016-09-28 13:19:37'),
('502030203', 'TDS Payable on Advertisement Bill', 'Income Tax Payable', 4, 1, 1, 0, 'L', 0, 0, '0.00', 'admin', '2016-09-28 13:20:51', '', '0000-00-00 00:00:00'),
('502030202', 'TDS Payable on Salary', 'Income Tax Payable', 4, 1, 1, 0, 'L', 0, 0, '0.00', 'admin', '2016-09-28 13:20:17', '', '0000-00-00 00:00:00'),
('4021402', 'Tea Kettle', 'Repair and Maintenance', 3, 1, 1, 0, 'E', 0, 0, '0.00', 'admin', '2015-10-15 19:33:45', '', '0000-00-00 00:00:00'),
('4020402', 'Telephone Bill', 'Utility Expenses', 3, 1, 1, 0, 'E', 0, 0, '0.00', 'admin', '2015-10-15 18:57:59', '', '0000-00-00 00:00:00'),
('1010209', 'Telephone Set & PABX', 'Office Equipment', 3, 1, 1, 0, 'A', 0, 0, '0.00', 'admin', '2015-10-15 15:51:57', 'admin', '2016-10-02 17:10:40'),
('102020104', 'Test', 'Advance', 4, 1, 1, 0, 'A', 0, 0, '0.00', 'admin', '2018-07-05 11:42:48', '', '0000-00-00 00:00:00'),
('40203', 'Travelling & Conveyance', 'Other Expenses', 2, 1, 1, 1, 'E', 0, 0, '0.00', 'admin', '2013-07-08 16:22:06', 'admin', '2015-10-15 18:45:13'),
('4021406', 'TV', 'Repair and Maintenance', 3, 1, 1, 0, 'E', 0, 0, '0.00', 'admin', '2015-10-15 19:35:07', '', '0000-00-00 00:00:00'),
('1010205', 'UPS', 'Office Equipment', 3, 1, 1, 0, 'A', 0, 0, '0.00', 'admin', '2015-10-15 15:50:38', '', '0000-00-00 00:00:00'),
('40204', 'Utility Expenses', 'Other Expenses', 2, 1, 0, 1, 'E', 0, 0, '0.00', 'anwarul', '2013-07-11 16:20:24', 'admin', '2016-01-02 15:55:22'),
('4020503', 'VAT on House Rent Exp', 'House Rent', 3, 1, 1, 0, 'E', 0, 0, '0.00', 'admin', '2015-10-15 18:49:22', 'admin', '2016-09-25 14:00:52'),
('5020301', 'VAT Payable', 'Liabilities for Expenses', 3, 1, 0, 1, 'L', 0, 0, '0.00', 'admin', '2015-10-15 19:51:11', 'admin', '2016-09-28 13:23:53'),
('1010409', 'Vehicle A/C', 'Others Assets', 3, 1, 1, 0, 'A', 0, 0, '0.00', 'Zoherul', '2016-05-12 12:13:21', '', '0000-00-00 00:00:00'),
('1010405', 'Voltage Stablizer', 'Others Assets', 3, 1, 1, 0, 'A', 0, 0, '0.00', 'admin', '2016-03-27 10:40:59', '', '0000-00-00 00:00:00'),
('1010105', 'Waiting Sofa - Steel', 'Furniture & Fixturers', 3, 1, 1, 0, 'A', 0, 0, '0.00', 'admin', '2015-10-15 15:46:29', '', '0000-00-00 00:00:00'),
('4020405', 'WASA Bill', 'Utility Expenses', 3, 1, 1, 0, 'E', 0, 0, '0.00', 'admin', '2015-10-15 18:58:51', '', '0000-00-00 00:00:00'),
('1010402', 'Water Purifier', 'Others Assets', 3, 1, 1, 0, 'A', 0, 0, '0.00', 'admin', '2016-01-29 11:14:11', '', '0000-00-00 00:00:00'),
('4020705', 'Website Development Expenses', 'Miscellaneous Expenses', 3, 1, 1, 0, 'E', 0, 0, '0.00', 'admin', '2016-10-15 12:42:47', '', '0000-00-00 00:00:00');

-- --------------------------------------------------------

--
-- Table structure for table `acc_transaction`
--

CREATE TABLE IF NOT EXISTS `acc_transaction` (
  `ID` int(11) NOT NULL AUTO_INCREMENT,
  `VNo` varchar(50) COLLATE utf8_unicode_ci DEFAULT NULL,
  `Vtype` varchar(50) COLLATE utf8_unicode_ci DEFAULT NULL,
  `VDate` date DEFAULT NULL,
  `COAID` varchar(50) COLLATE utf8_unicode_ci NOT NULL,
  `Narration` text COLLATE utf8_unicode_ci,
  `Debit` decimal(18,2) DEFAULT NULL,
  `Credit` decimal(18,2) DEFAULT NULL,
  `StoreID` int(11) NOT NULL,
  `IsPosted` char(10) COLLATE utf8_unicode_ci DEFAULT NULL,
  `CreateBy` varchar(50) COLLATE utf8_unicode_ci DEFAULT NULL,
  `CreateDate` datetime DEFAULT NULL,
  `UpdateBy` varchar(50) COLLATE utf8_unicode_ci DEFAULT NULL,
  `UpdateDate` datetime DEFAULT NULL,
  `IsAppove` char(10) COLLATE utf8_unicode_ci DEFAULT NULL,
  UNIQUE KEY `ID` (`ID`)
) ENGINE=InnoDB DEFAULT CHARSET=utf8 COLLATE=utf8_unicode_ci;

-- --------------------------------------------------------

--
-- Table structure for table `acn_account_transaction`
--

CREATE TABLE IF NOT EXISTS `acn_account_transaction` (
  `account_tran_id` int(11) UNSIGNED NOT NULL AUTO_INCREMENT,
  `account_id` int(11) NOT NULL,
  `transaction_description` varchar(255) NOT NULL,
  `amount` varchar(25) NOT NULL,
  `tran_date` date NOT NULL,
  `payment_id` int(11) NOT NULL,
  `create_by_id` varchar(25) NOT NULL,
  PRIMARY KEY (`account_tran_id`)
) ENGINE=InnoDB DEFAULT CHARSET=utf8;

-- --------------------------------------------------------

--
-- Table structure for table `award`
--

CREATE TABLE IF NOT EXISTS `award` (
  `award_id` int(11) NOT NULL AUTO_INCREMENT,
  `award_name` varchar(50) NOT NULL,
  `aw_description` varchar(200) NOT NULL,
  `awr_gift_item` varchar(50) NOT NULL,
  `date` date NOT NULL,
  `employee_id` varchar(30) NOT NULL,
  `awarded_by` varchar(30) NOT NULL,
  PRIMARY KEY (`award_id`)
) ENGINE=InnoDB DEFAULT CHARSET=latin1;

-- --------------------------------------------------------

--
-- Table structure for table `candidate_basic_info`
--

CREATE TABLE IF NOT EXISTS `candidate_basic_info` (
  `can_id` varchar(20) NOT NULL,
  `first_name` varchar(11) CHARACTER SET latin1 NOT NULL,
  `last_name` varchar(30) CHARACTER SET latin1 NOT NULL,
  `email` varchar(30) CHARACTER SET latin1 NOT NULL,
  `phone` varchar(20) CHARACTER SET latin1 NOT NULL,
  `alter_phone` varchar(20) CHARACTER SET latin1 NOT NULL,
  `present_address` varchar(100) CHARACTER SET latin1 NOT NULL,
  `parmanent_address` varchar(100) CHARACTER SET latin1 NOT NULL,
  `picture` text,
  `ssn` varchar(50) NOT NULL,
  `state` varchar(30) NOT NULL,
  `city` varchar(30) NOT NULL,
  `zip` int(11) NOT NULL,
  PRIMARY KEY (`can_id`)
) ENGINE=InnoDB DEFAULT CHARSET=utf8;

-- --------------------------------------------------------

--
-- Table structure for table `candidate_education_info`
--

CREATE TABLE IF NOT EXISTS `candidate_education_info` (
  `can_edu_id` int(11) NOT NULL AUTO_INCREMENT,
  `can_id` varchar(30) NOT NULL,
  `degree_name` varchar(30) CHARACTER SET latin1 NOT NULL,
  `university_name` varchar(50) CHARACTER SET latin1 NOT NULL,
  `cgp` varchar(30) CHARACTER SET latin1 NOT NULL,
  `comments` varchar(50) CHARACTER SET latin1 DEFAULT NULL,
  `sequencee` varchar(255) CHARACTER SET latin1 DEFAULT NULL,
  PRIMARY KEY (`can_edu_id`)
) ENGINE=InnoDB DEFAULT CHARSET=utf8;

-- --------------------------------------------------------

--
-- Table structure for table `candidate_interview`
--

CREATE TABLE IF NOT EXISTS `candidate_interview` (
  `can_int_id` int(11) NOT NULL AUTO_INCREMENT,
  `can_id` varchar(30) CHARACTER SET latin1 NOT NULL,
  `job_adv_id` varchar(50) CHARACTER SET latin1 NOT NULL,
  `interview_date` varchar(30) CHARACTER SET latin1 NOT NULL,
  `interviewer_id` varchar(50) CHARACTER SET latin1 NOT NULL,
  `interview_marks` varchar(50) CHARACTER SET latin1 NOT NULL,
  `written_total_marks` varchar(50) CHARACTER SET latin1 NOT NULL,
  `mcq_total_marks` varchar(50) CHARACTER SET latin1 NOT NULL,
  `total_marks` varchar(30) NOT NULL,
  `recommandation` varchar(50) CHARACTER SET latin1 NOT NULL,
  `selection` varchar(50) CHARACTER SET latin1 NOT NULL,
  `details` varchar(50) CHARACTER SET latin1 NOT NULL,
  PRIMARY KEY (`can_int_id`)
) ENGINE=InnoDB DEFAULT CHARSET=utf8;

-- --------------------------------------------------------

--
-- Table structure for table `candidate_selection`
--

CREATE TABLE IF NOT EXISTS `candidate_selection` (
  `can_sel_id` int(11) NOT NULL AUTO_INCREMENT,
  `can_id` varchar(30) CHARACTER SET latin1 NOT NULL,
  `employee_id` varchar(50) CHARACTER SET latin1 NOT NULL,
  `pos_id` varchar(30) CHARACTER SET latin1 NOT NULL,
  `selection_terms` varchar(50) CHARACTER SET latin1 DEFAULT NULL,
  PRIMARY KEY (`can_sel_id`)
) ENGINE=InnoDB DEFAULT CHARSET=utf8;

-- --------------------------------------------------------

--
-- Table structure for table `candidate_shortlist`
--

CREATE TABLE IF NOT EXISTS `candidate_shortlist` (
  `can_short_id` int(11) NOT NULL AUTO_INCREMENT,
  `can_id` varchar(30) CHARACTER SET latin1 NOT NULL,
  `job_adv_id` int(11) NOT NULL,
  `date_of_shortlist` varchar(50) CHARACTER SET latin1 NOT NULL,
  `interview_date` varchar(30) CHARACTER SET latin1 NOT NULL,
  PRIMARY KEY (`can_short_id`)
) ENGINE=InnoDB DEFAULT CHARSET=utf8;

-- --------------------------------------------------------

--
-- Table structure for table `candidate_workexperience`
--

CREATE TABLE IF NOT EXISTS `candidate_workexperience` (
  `can_workexp_id` int(11) NOT NULL AUTO_INCREMENT,
  `can_id` varchar(30) CHARACTER SET latin1 NOT NULL,
  `company_name` varchar(50) CHARACTER SET latin1 NOT NULL,
  `working_period` varchar(50) CHARACTER SET latin1 NOT NULL,
  `duties` varchar(30) CHARACTER SET latin1 NOT NULL,
  `supervisor` varchar(50) CHARACTER SET latin1 NOT NULL,
  `sequencee` varchar(10) CHARACTER SET latin1 NOT NULL,
  PRIMARY KEY (`can_workexp_id`)
) ENGINE=InnoDB DEFAULT CHARSET=utf8;

-- --------------------------------------------------------

--
-- Table structure for table `custom_table`
--

CREATE TABLE IF NOT EXISTS `custom_table` (
  `custom_id` int(11) NOT NULL AUTO_INCREMENT,
  `custom_field` varchar(100) NOT NULL,
  `custom_data_type` int(11) NOT NULL,
  `custom_data` text NOT NULL,
  `employee_id` varchar(20) NOT NULL,
  PRIMARY KEY (`custom_id`)
) ENGINE=InnoDB DEFAULT CHARSET=latin1;

-- --------------------------------------------------------

--
-- Table structure for table `department`
--

CREATE TABLE IF NOT EXISTS `department` (
  `dept_id` int(11) NOT NULL AUTO_INCREMENT,
  `department_name` varchar(100) NOT NULL,
  `parent_id` int(11) NOT NULL,
  PRIMARY KEY (`dept_id`)
) ENGINE=InnoDB DEFAULT CHARSET=latin1;

-- --------------------------------------------------------

--
-- Table structure for table `duty_type`
--

CREATE TABLE IF NOT EXISTS `duty_type` (
  `id` int(11) NOT NULL AUTO_INCREMENT,
  `type_name` varchar(30) NOT NULL,
  PRIMARY KEY (`id`)
) ENGINE=InnoDB AUTO_INCREMENT=5 DEFAULT CHARSET=latin1;

--
-- Dumping data for table `duty_type`
--

INSERT INTO `duty_type` (`id`, `type_name`) VALUES
(1, 'Full Time'),
(2, 'Part Time'),
(3, 'Contructual'),
(4, 'Other');

-- --------------------------------------------------------

--
-- Table structure for table `employee_benifit`
--

CREATE TABLE IF NOT EXISTS `employee_benifit` (
  `id` int(11) NOT NULL AUTO_INCREMENT,
  `bnf_cl_code` varchar(100) NOT NULL,
  `bnf_cl_code_des` varchar(250) NOT NULL,
  `bnff_acural_date` date NOT NULL,
  `bnf_status` tinyint(4) NOT NULL,
  `employee_id` varchar(30) NOT NULL,
  PRIMARY KEY (`id`)
) ENGINE=InnoDB DEFAULT CHARSET=latin1;

-- --------------------------------------------------------

--
-- Table structure for table `employee_equipment`
--

CREATE TABLE IF NOT EXISTS `employee_equipment` (
  `id` int(11) NOT NULL AUTO_INCREMENT,
  `employee_id` varchar(20) NOT NULL,
  `equipment_id` int(11) NOT NULL,
  `issue_date` date NOT NULL,
  `damarage_desc` text NOT NULL,
  `return_date` date NOT NULL,
  PRIMARY KEY (`id`)
) ENGINE=InnoDB DEFAULT CHARSET=latin1;

-- --------------------------------------------------------

--
-- Table structure for table `employee_history`
--

CREATE TABLE IF NOT EXISTS `employee_history` (
  `emp_his_id` int(11) NOT NULL AUTO_INCREMENT,
  `employee_id` varchar(30) NOT NULL,
  `pos_id` varchar(30) NOT NULL,
  `first_name` varchar(30) NOT NULL,
  `middle_name` varchar(50) DEFAULT NULL,
  `last_name` varchar(30) NOT NULL,
  `email` varchar(32) NOT NULL,
  `phone` varchar(30) NOT NULL,
  `alter_phone` varchar(30) NOT NULL,
  `present_address` varchar(100) DEFAULT NULL,
  `parmanent_address` varchar(100) DEFAULT NULL,
  `picture` text,
  `degree_name` varchar(30) DEFAULT NULL,
  `university_name` varchar(50) DEFAULT NULL,
  `cgp` varchar(30) DEFAULT NULL,
  `passing_year` varchar(30) DEFAULT NULL,
  `company_name` varchar(30) DEFAULT NULL,
  `working_period` varchar(30) DEFAULT NULL,
  `duties` varchar(30) DEFAULT NULL,
  `supervisor` varchar(30) DEFAULT NULL,
  `signature` text,
  `is_admin` int(2) NOT NULL DEFAULT '0',
  `dept_id` int(11) DEFAULT NULL,
  `division_id` int(11) NOT NULL,
  `maiden_name` varchar(50) NOT NULL,
  `state` varchar(30) NOT NULL,
  `city` varchar(30) NOT NULL,
  `zip` int(11) NOT NULL,
  `citizenship` int(11) NOT NULL,
  `duty_type` int(11) NOT NULL,
  `hire_date` date NOT NULL,
  `original_hire_date` date NOT NULL,
  `termination_date` date NOT NULL,
  `termination_reason` text NOT NULL,
  `voluntary_termination` int(11) NOT NULL,
  `rehire_date` date NOT NULL,
  `rate_type` int(11) NOT NULL,
  `rate` float NOT NULL,
  `pay_frequency` int(11) NOT NULL,
  `pay_frequency_txt` varchar(50) NOT NULL,
  `hourly_rate2` float NOT NULL,
  `hourly_rate3` float NOT NULL,
  `home_department` varchar(100) NOT NULL,
  `department_text` varchar(100) NOT NULL,
  `class_code` varchar(50) NOT NULL,
  `class_code_desc` varchar(100) NOT NULL,
  `class_acc_date` date NOT NULL,
  `class_status` tinyint(4) NOT NULL,
  `is_super_visor` int(11) DEFAULT NULL,
  `super_visor_id` varchar(30) DEFAULT NULL,
  `supervisor_report` text NOT NULL,
  `dob` date NOT NULL,
  `gender` int(11) NOT NULL,
  `marital_status` int(11) NOT NULL,
  `ethnic_group` varchar(100) NOT NULL,
  `eeo_class_gp` varchar(100) NOT NULL,
  `ssn` varchar(50) NOT NULL,
  `work_in_state` int(11) NOT NULL,
  `live_in_state` int(11) NOT NULL,
  `home_email` varchar(50) NOT NULL,
  `business_email` varchar(50) NOT NULL,
  `home_phone` varchar(30) NOT NULL,
  `business_phone` varchar(30) NOT NULL,
  `cell_phone` varchar(30) NOT NULL,
  `emerg_contct` varchar(30) NOT NULL,
  `emrg_h_phone` varchar(30) NOT NULL,
  `emrg_w_phone` varchar(30) NOT NULL,
  `emgr_contct_relation` varchar(50) NOT NULL,
  `alt_em_contct` varchar(30) NOT NULL,
  `alt_emg_h_phone` varchar(30) NOT NULL,
  `alt_emg_w_phone` varchar(30) NOT NULL,
  PRIMARY KEY (`emp_his_id`)
) ENGINE=InnoDB DEFAULT CHARSET=utf8;

-- --------------------------------------------------------

--
-- Table structure for table `employee_performance`
--

CREATE TABLE IF NOT EXISTS `employee_performance` (
  `emp_per_id` int(11) NOT NULL AUTO_INCREMENT,
  `employee_id` varchar(50) CHARACTER SET latin1 NOT NULL,
  `note` varchar(50) CHARACTER SET latin1 NOT NULL,
  `date` varchar(50) CHARACTER SET latin1 NOT NULL,
  `note_by` varchar(50) CHARACTER SET latin1 NOT NULL,
  `number_of_star` int(11) NOT NULL,
  `status` varchar(50) CHARACTER SET latin1 NOT NULL,
  `updated_by` varchar(50) CHARACTER SET latin1 NOT NULL,
  PRIMARY KEY (`emp_per_id`)
) ENGINE=InnoDB DEFAULT CHARSET=utf8;

-- --------------------------------------------------------

--
-- Table structure for table `employee_position`
--

CREATE TABLE IF NOT EXISTS `employee_position` (
  `emp_pos_id` int(10) UNSIGNED NOT NULL,
  `employee_id` varchar(50) CHARACTER SET latin1 NOT NULL,
  `first_name` varchar(50) CHARACTER SET latin1 NOT NULL,
  `position_name` varchar(50) CHARACTER SET latin1 NOT NULL,
  `position_details` varchar(100) CHARACTER SET latin1 NOT NULL
) ENGINE=InnoDB DEFAULT CHARSET=utf8;

-- --------------------------------------------------------

--
-- Table structure for table `employee_salary_payment`
--

CREATE TABLE IF NOT EXISTS `employee_salary_payment` (
  `emp_sal_pay_id` int(11) NOT NULL AUTO_INCREMENT,
  `employee_id` varchar(50) CHARACTER SET latin1 NOT NULL,
  `total_salary` varchar(50) CHARACTER SET latin1 NOT NULL,
  `total_working_minutes` varchar(50) CHARACTER SET latin1 NOT NULL,
  `working_period` varchar(50) CHARACTER SET latin1 NOT NULL,
  `payment_due` varchar(50) CHARACTER SET latin1 NOT NULL,
  `payment_date` varchar(50) CHARACTER SET latin1 NOT NULL,
  `paid_by` varchar(50) CHARACTER SET latin1 NOT NULL,
  PRIMARY KEY (`emp_sal_pay_id`)
) ENGINE=InnoDB DEFAULT CHARSET=utf8;

-- --------------------------------------------------------

--
-- Table structure for table `employee_salary_setup`
--

CREATE TABLE IF NOT EXISTS `employee_salary_setup` (
  `e_s_s_id` int(11) UNSIGNED NOT NULL AUTO_INCREMENT,
  `employee_id` varchar(30) CHARACTER SET latin1 NOT NULL,
  `sal_type` varchar(30) NOT NULL,
  `salary_type_id` varchar(30) CHARACTER SET latin1 NOT NULL,
  `amount` varchar(30) CHARACTER SET latin1 NOT NULL,
  `create_date` date DEFAULT NULL,
  `update_date` datetime(6) DEFAULT NULL,
  `update_id` varchar(30) CHARACTER SET latin1 NOT NULL,
  `gross_salary` float NOT NULL,
  PRIMARY KEY (`e_s_s_id`)
) ENGINE=InnoDB DEFAULT CHARSET=utf8;

-- --------------------------------------------------------

--
-- Table structure for table `employee_sal_pay_type`
--

CREATE TABLE IF NOT EXISTS `employee_sal_pay_type` (
  `emp_sal_pay_type_id` int(11) UNSIGNED NOT NULL,
  `payment_period` varchar(50) CHARACTER SET latin1 NOT NULL
) ENGINE=InnoDB DEFAULT CHARSET=utf8;

-- --------------------------------------------------------

--
-- Table structure for table `emp_attendance`
--

CREATE TABLE IF NOT EXISTS `emp_attendance` (
  `att_id` int(10) UNSIGNED NOT NULL AUTO_INCREMENT,
  `employee_id` varchar(50) CHARACTER SET latin1 NOT NULL,
  `date` varchar(30) CHARACTER SET latin1 NOT NULL,
  `sign_in` varchar(30) CHARACTER SET latin1 DEFAULT NULL,
  `sign_out` varchar(30) CHARACTER SET latin1 DEFAULT NULL,
  `staytime` time DEFAULT NULL,
  PRIMARY KEY (`att_id`)
) ENGINE=InnoDB DEFAULT CHARSET=utf8;

-- --------------------------------------------------------

--
-- Table structure for table `equipment`
--

CREATE TABLE IF NOT EXISTS `equipment` (
  `equipment_id` int(11) NOT NULL AUTO_INCREMENT,
  `equipment_name` varchar(100) NOT NULL,
  `type_id` int(11) NOT NULL,
  `model` varchar(100) NOT NULL,
  `serial_no` varchar(50) NOT NULL,
  `is_assign` tinyint(4) NOT NULL DEFAULT '0',
  PRIMARY KEY (`equipment_id`)
) ENGINE=InnoDB DEFAULT CHARSET=latin1;

-- --------------------------------------------------------

--
-- Table structure for table `equipment_type`
--

CREATE TABLE IF NOT EXISTS `equipment_type` (
  `type_id` int(11) NOT NULL AUTO_INCREMENT,
  `type_name` varchar(100) NOT NULL,
  PRIMARY KEY (`type_id`)
) ENGINE=InnoDB DEFAULT CHARSET=latin1;

-- --------------------------------------------------------

--
-- Table structure for table `events`
--

CREATE TABLE IF NOT EXISTS `events` (
  `event_date` date NOT NULL,
  `total_events` int(50) NOT NULL DEFAULT '0',
  PRIMARY KEY (`event_date`)
) ENGINE=InnoDB DEFAULT CHARSET=latin1;

--
-- Dumping data for table `events`
--

INSERT INTO `events` (`event_date`, `total_events`) VALUES
('2017-08-02', 2),
('2017-08-19', 2),
('2017-08-21', 2),
('2017-08-23', 1),
('2017-10-12', 1);

-- --------------------------------------------------------

--
-- Table structure for table `event_detail`
--

CREATE TABLE IF NOT EXISTS `event_detail` (
  `idevent` int(11) NOT NULL AUTO_INCREMENT,
  `event_date` date NOT NULL,
  `event_time` time NOT NULL,
  `event` varchar(200) NOT NULL,
  PRIMARY KEY (`idevent`),
  KEY `event_date` (`event_date`)
) ENGINE=InnoDB AUTO_INCREMENT=15 DEFAULT CHARSET=latin1;

--
-- Dumping data for table `event_detail`
--

INSERT INTO `event_detail` (`idevent`, `event_date`, `event_time`, `event`) VALUES
(3, '2017-08-19', '02:11:13', 'good'),
(4, '2017-10-12', '01:05:00', 'Hi'),
(6, '2017-08-02', '02:02:00', 'gfdfg'),
(7, '2017-08-19', '03:05:00', 'Hello alamin'),
(10, '2017-08-21', '01:02:00', 'hj'),
(11, '2017-08-21', '01:02:00', 'teas'),
(13, '2017-08-02', '01:03:00', 'how'),
(14, '2017-08-23', '03:03:00', 'how are you');

-- --------------------------------------------------------

--
-- Table structure for table `gender`
--

CREATE TABLE IF NOT EXISTS `gender` (
  `id` int(11) NOT NULL AUTO_INCREMENT,
  `gender_name` varchar(30) NOT NULL,
  PRIMARY KEY (`id`)
) ENGINE=InnoDB AUTO_INCREMENT=4 DEFAULT CHARSET=latin1;

--
-- Dumping data for table `gender`
--

INSERT INTO `gender` (`id`, `gender_name`) VALUES
(1, 'Male'),
(2, 'Female'),
(3, 'Other');

-- --------------------------------------------------------

--
-- Table structure for table `grand_loan`
--

CREATE TABLE IF NOT EXISTS `grand_loan` (
  `loan_id` int(11) NOT NULL AUTO_INCREMENT,
  `employee_id` varchar(50) CHARACTER SET latin1 NOT NULL,
  `permission_by` varchar(30) CHARACTER SET latin1 NOT NULL,
  `loan_details` varchar(30) CHARACTER SET latin1 NOT NULL,
  `amount` varchar(30) CHARACTER SET latin1 NOT NULL,
  `interest_rate` varchar(30) CHARACTER SET latin1 NOT NULL,
  `installment` varchar(30) CHARACTER SET latin1 NOT NULL,
  `installment_period` varchar(30) CHARACTER SET latin1 NOT NULL,
  `repayment_amount` varchar(30) CHARACTER SET latin1 NOT NULL,
  `date_of_approve` varchar(30) CHARACTER SET latin1 NOT NULL,
  `repayment_start_date` varchar(30) CHARACTER SET latin1 NOT NULL,
  `created_by` varchar(30) CHARACTER SET latin1 NOT NULL,
  `updated_by` varchar(30) CHARACTER SET latin1 NOT NULL,
  `loan_status` varchar(30) CHARACTER SET latin1 NOT NULL,
  PRIMARY KEY (`loan_id`)
) ENGINE=InnoDB DEFAULT CHARSET=utf8;

-- --------------------------------------------------------

--
-- Table structure for table `job_advertisement`
--

CREATE TABLE IF NOT EXISTS `job_advertisement` (
  `job_adv_id` int(10) UNSIGNED NOT NULL,
  `pos_id` varchar(30) CHARACTER SET latin1 NOT NULL,
  `adv_circular_date` varchar(30) CHARACTER SET latin1 NOT NULL,
  `circular_dadeline` varchar(30) CHARACTER SET latin1 NOT NULL,
  `adv_file` tinytext CHARACTER SET latin1 NOT NULL,
  `adv_details` varchar(255) CHARACTER SET latin1 NOT NULL
) ENGINE=InnoDB DEFAULT CHARSET=utf8;

-- --------------------------------------------------------

--
-- Table structure for table `language`
--

CREATE TABLE IF NOT EXISTS `language` (
  `id` int(11) NOT NULL AUTO_INCREMENT,
  `phrase` varchar(100) NOT NULL,
  `english` varchar(255) NOT NULL,
  PRIMARY KEY (`id`)
) ENGINE=InnoDB AUTO_INCREMENT=720 DEFAULT CHARSET=utf8;

--
-- Dumping data for table `language`
--

INSERT INTO `language` (`id`, `phrase`, `english`) VALUES
(2, 'login', 'Login'),
(3, 'email', 'Email Address'),
(4, 'password', 'Password'),
(5, 'reset', 'Reset'),
(6, 'dashboard', 'Dashboard'),
(7, 'home', 'Home'),
(8, 'profile', 'Profile'),
(9, 'profile_setting', 'Profile Setting'),
(10, 'firstname', 'First Name'),
(11, 'lastname', 'Last Name'),
(12, 'about', 'About'),
(13, 'preview', 'Preview'),
(14, 'image', 'Image'),
(15, 'save', 'Save'),
(16, 'upload_successfully', 'Upload Successfully!'),
(17, 'user_added_successfully', 'User Added Successfully!'),
(18, 'please_try_again', 'Please Try Again...'),
(19, 'inbox_message', 'Inbox Messages'),
(20, 'sent_message', 'Sent Message'),
(21, 'message_details', 'Message Details'),
(22, 'new_message', 'New Message'),
(23, 'receiver_name', 'Receiver Name'),
(24, 'sender_name', 'Sender Name'),
(25, 'subject', 'Subject'),
(26, 'message', 'Message'),
(27, 'message_sent', 'Message Sent!'),
(28, 'ip_address', 'IP Address'),
(29, 'last_login', 'Last Login'),
(30, 'last_logout', 'Last Logout'),
(31, 'status', 'Status'),
(32, 'delete_successfully', 'Delete Successfully!'),
(33, 'send', 'Send'),
(34, 'date', 'Date'),
(35, 'action', 'Action'),
(36, 'sl_no', 'SL No.'),
(37, 'are_you_sure', 'Are You Sure ? '),
(38, 'application_setting', 'Application Setting'),
(39, 'application_title', 'Application Title'),
(40, 'address', 'Address'),
(41, 'phone', 'Phone'),
(42, 'favicon', 'Favicon'),
(43, 'logo', 'Logo'),
(44, 'language', 'Language'),
(45, 'left_to_right', 'Left To Right'),
(46, 'right_to_left', 'Right To Left'),
(47, 'footer_text', 'Footer Text'),
(48, 'site_align', 'Application Alignment'),
(49, 'welcome_back', 'Welcome Back!'),
(50, 'please_contact_with_admin', 'Please Contact With Admin'),
(51, 'incorrect_email_or_password', 'Incorrect Email/Password'),
(52, 'select_option', 'Select Option'),
(53, 'ftp_setting', 'Data Synchronize [FTP Setting]'),
(54, 'hostname', 'Host Name'),
(55, 'username', 'User Name'),
(56, 'ftp_port', 'FTP Port'),
(57, 'ftp_debug', 'FTP Debug'),
(58, 'project_root', 'Project Root'),
(59, 'update_successfully', 'Update Successfully'),
(60, 'save_successfully', 'Save Successfully!'),
(61, 'delete_successfully', 'Delete Successfully!'),
(62, 'internet_connection', 'Internet Connection'),
(63, 'ok', 'Ok'),
(64, 'not_available', 'Not Available'),
(65, 'available', 'Available'),
(66, 'outgoing_file', 'Outgoing File'),
(67, 'incoming_file', 'Incoming File'),
(68, 'data_synchronize', 'Data Synchronize'),
(69, 'unable_to_upload_file_please_check_configuration', 'Unable to upload file! please check configuration'),
(70, 'please_configure_synchronizer_settings', 'Please configure synchronizer settings'),
(71, 'download_successfully', 'Download Successfully'),
(72, 'unable_to_download_file_please_check_configuration', 'Unable to download file! please check configuration'),
(73, 'data_import_first', 'Data Import First'),
(74, 'data_import_successfully', 'Data Import Successfully!'),
(75, 'unable_to_import_data_please_check_config_or_sql_file', 'Unable to import data! please check configuration / SQL file.'),
(76, 'download_data_from_server', 'Download Data from Server'),
(77, 'data_import_to_database', 'Data Import To Database'),
(79, 'data_upload_to_server', 'Data Upload to Server'),
(80, 'please_wait', 'Please Wait...'),
(81, 'ooops_something_went_wrong', ' Ooops something went wrong...'),
(82, 'module_permission_list', 'Module Permission List'),
(83, 'user_permission', 'User Permission'),
(84, 'add_module_permission', 'Add Module Permission'),
(85, 'module_permission_added_successfully', 'Module Permission Added Successfully!'),
(86, 'update_module_permission', 'Update Module Permission'),
(87, 'download', 'Download'),
(88, 'module_name', 'Module Name'),
(89, 'create', 'Create'),
(90, 'read', 'Read'),
(91, 'update', 'Update'),
(92, 'delete', 'Delete'),
(93, 'module_list', 'Module List'),
(94, 'add_module', 'Add Module'),
(95, 'directory', 'Module Direcotory'),
(96, 'description', 'Description'),
(97, 'image_upload_successfully', 'Image Upload Successfully!'),
(98, 'module_added_successfully', 'Module Added Successfully'),
(99, 'inactive', 'Inactive'),
(100, 'active', 'Active'),
(101, 'user_list', 'User List'),
(102, 'see_all_message', 'See All Messages'),
(103, 'setting', 'Setting'),
(104, 'logout', 'Logout'),
(105, 'admin', 'Admin'),
(106, 'add_user', 'Add User'),
(107, 'user', 'User'),
(108, 'module', 'Module'),
(109, 'new', 'New'),
(110, 'inbox', 'Inbox'),
(111, 'sent', 'Sent'),
(112, 'synchronize', 'Synchronize'),
(113, 'data_synchronizer', 'Data Synchronizer'),
(114, 'module_permission', 'Module Permission'),
(115, 'backup_now', 'Backup Now!'),
(116, 'restore_now', 'Restore Now!'),
(117, 'backup_and_restore', 'Backup and Download'),
(118, 'captcha', 'Captcha Word'),
(119, 'database_backup', 'Database Backup'),
(120, 'restore_successfully', 'Restore Successfully'),
(121, 'backup_successfully', 'Backup Successfully'),
(122, 'filename', 'File Name'),
(123, 'file_information', 'File Information'),
(124, 'size', 'size'),
(125, 'backup_date', 'Backup Date'),
(126, 'overwrite', 'Overwrite'),
(127, 'invalid_file', 'Invalid File!'),
(128, 'invalid_module', 'Invalid Module'),
(129, 'remove_successfully', 'Remove Successfully!'),
(130, 'install', 'Install'),
(131, 'uninstall', 'Uninstall'),
(132, 'tables_are_not_available_in_database', 'Tables are not available in database.sql'),
(133, 'no_tables_are_registered_in_config', 'No tables are registerd in config.php'),
(134, 'enquiry', 'Enquiry'),
(135, 'read_unread', 'Read/Unread'),
(136, 'enquiry_information', 'Enquiry Information'),
(137, 'user_agent', 'User Agent'),
(138, 'checked_by', 'Checked By'),
(139, 'new_enquiry', 'New Enquiry'),
(140, 'crud', 'Crud'),
(141, 'view', 'View'),
(142, 'name', 'Name'),
(143, 'add', 'Address'),
(144, 'ph', 'Phone'),
(145, 'cid', 'SL No'),
(146, 'view_atn', 'AttendanceView'),
(147, 'mang', 'Employemanagement'),
(148, 'designation', 'Position'),
(149, 'test', 'Test'),
(150, 'sl', 'SL'),
(151, 'bdtask', 'BDTASK'),
(152, 'practice', 'Practice'),
(153, 'branch_name', 'Branch Name'),
(154, 'chairman_name', 'Chairman'),
(155, 'b_photo', 'Photo'),
(156, 'b_address', 'Address'),
(157, 'position', 'Position'),
(158, 'advertisement', 'Advertisement'),
(159, 'position_name', 'Position'),
(160, 'position_details', 'Details'),
(161, 'circularprocess', 'Recruitment'),
(162, 'pos_id', 'Position'),
(163, 'adv_circular_date', 'Publish Date'),
(164, 'circular_dadeline', 'Dadeline'),
(165, 'adv_file', 'Documents'),
(166, 'adv_details', 'Details'),
(167, 'attendance', 'Attendance'),
(168, 'employee', 'Employee'),
(169, 'emp_id', 'Employee Name'),
(170, 'sign_in', 'Sign In'),
(171, 'sign_out', 'Sign Out'),
(172, 'staytime', 'Stay Time'),
(173, 'abc', '1'),
(174, 'first_name', 'First Name'),
(175, 'last_name', 'Last Name'),
(176, 'alter_phone', 'Alternative Phone'),
(177, 'present_address', 'Present Address'),
(178, 'parmanent_address', 'Permanent Address'),
(179, 'candidateinfo', 'Candidate Info'),
(180, 'add_advertisement', 'Add Advertisement'),
(181, 'advertisement_list', 'Manage Advertisement '),
(182, 'candidate_basic_info', 'Candidate Information'),
(183, 'can_basicinfo_list', 'Manage Candidate'),
(184, 'add_canbasic_info', 'Add New Candidate'),
(185, 'candidate_education_info', 'Candidate Educational Info'),
(186, 'can_educationinfo_list', 'Candidate Edu Info list'),
(187, 'add_edu_info', 'Add Educational Info'),
(188, 'can_id', 'Candidate Id'),
(189, 'degree_name', 'Obtained Degree'),
(190, 'university_name', 'University'),
(191, 'cgp', 'CGPA'),
(192, 'comments', 'Comments'),
(193, 'signature', 'Signature'),
(194, 'candidate_workexperience', 'Candidate Work Experience'),
(195, 'can_workexperience_list', 'Work Experience list'),
(196, 'add_can_experience', 'Add Work Experience'),
(197, 'company_name', 'Company Name'),
(198, 'working_period', 'Working Period'),
(199, 'duties', 'Duties'),
(200, 'supervisor', 'Supervisor'),
(201, 'candidate_workexpe', 'Candidate Work Experience'),
(202, 'candidate_shortlist', 'Candidate Shortlist'),
(203, 'shortlist_view', 'Manage Shortlist'),
(204, 'add_shortlist', 'Add Shortlist'),
(205, 'date_of_shortlist', 'Shortlist Date'),
(206, 'interview_date', 'Interview Date'),
(207, 'submit', 'Submit'),
(208, 'candidate_id', 'Your ID'),
(209, 'job_adv_id', 'Job Position'),
(210, 'sequence', 'Sequence'),
(211, 'candidate_interview', 'Interview'),
(212, 'interview_list', 'Interview list'),
(213, 'add_interview', 'Add interview'),
(214, 'interviewer_id', 'Interviewer'),
(215, 'interview_marks', 'Viva Marks'),
(216, 'written_total_marks', 'Written Total Marks'),
(217, 'mcq_total_marks', 'MCQ Total Marks'),
(218, 'recommandation', 'Recommandation'),
(219, 'selection', 'Selection'),
(220, 'details', 'Details'),
(221, 'candidate_selection', 'Candidate Selection'),
(222, 'selection_list', 'Selection List'),
(223, 'add_selection', 'Add Selection'),
(224, 'employee_id', 'Employee Id'),
(225, 'position_id', '1'),
(226, 'selection_terms', 'Selection Terms'),
(227, 'total_marks', 'Total Marks'),
(228, 'photo', 'Picture'),
(229, 'your_id', 'Your ID'),
(230, 'change_image', 'Change Photo'),
(231, 'picture', 'Photograph'),
(232, 'ad', 'Add'),
(233, 'write_y_p_info', 'Write Your Persoanal Information'),
(234, 'emp_position', 'Employee Position'),
(235, 'add_pos', 'Add Position'),
(236, 'list_pos', 'List of Position'),
(237, 'emp_salary_stup', 'Employee Salary SetUp'),
(238, 'add_salary_stup', 'Add Salary Setup'),
(239, 'list_salarystup', 'List of Salary Setup'),
(240, 'emp_sal_name', 'Salary Name'),
(241, 'emp_sal_type', 'Salary Type'),
(242, 'emp_performance', 'Employee Performance'),
(243, 'add_performance', 'Add Performance'),
(244, 'list_performance', 'List of Performance'),
(245, 'note', 'Note'),
(246, 'note_by', 'Note By'),
(247, 'number_of_star', 'Number of Star'),
(248, 'updated_by', 'Updated By'),
(249, 'emp_sal_payment', 'Manage Employee Salary'),
(250, 'add_payment', 'Add Payment'),
(251, 'list_payment', 'List of payment'),
(252, 'total_salary', 'Total Salary'),
(253, 'total_working_minutes', 'Working Hour'),
(254, 'payment_due', 'Payment Type'),
(255, 'payment_date', 'Date'),
(256, 'paid_by', 'Paid By'),
(257, 'view_employee_payment', 'Employee Payment List'),
(258, 'sal_payment_type', 'Salary Payment Type'),
(259, 'add_payment_type', 'Add Payment Type'),
(260, 'list_payment_type', 'List of Payment Type'),
(261, 'payment_period', 'Payment Period'),
(262, 'payment_type', 'Payment Type'),
(263, 'time', 'Punch Time'),
(264, 'shift', 'Shift'),
(265, 'location', 'Location'),
(266, 'logtype', 'Log Type'),
(267, 'branch', 'Location'),
(268, 'student', 'Students'),
(269, 'csv', 'CSV'),
(270, 'save_successfull', 'Your Data Save Successfully'),
(271, 'successfully_updated', 'Your Data Successfully Updated'),
(272, 'atn_form', 'Attendance Form'),
(273, 'atn_report', 'Attendance Reports'),
(274, 'end_date', 'To'),
(275, 'start_date', 'From'),
(276, 'done', 'Done'),
(277, 'employee_id_se', 'Write Employee Id or name here '),
(278, 'attendance_repor', 'Attendance Report'),
(279, 'e_time', 'End Time'),
(280, 's_time', 'Start Time'),
(281, 'atn_datewiserer', 'Date Wise Report'),
(282, 'atn_report_id', 'Date And Id base Report'),
(283, 'atn_report_time', 'Date And Time report'),
(284, 'payroll', 'Payroll'),
(285, 'loan', 'Loan'),
(286, 'loan_grand', 'Grant Loan'),
(287, 'add_loan', 'Add Loan'),
(288, 'loan_list', 'List of Loan'),
(289, 'loan_details', 'Loan Details'),
(290, 'amount', 'Amount'),
(291, 'interest_rate', 'Interest Percentage'),
(292, 'installment_period', 'Installment Period'),
(293, 'repayment_amount', 'Repayment Total'),
(294, 'date_of_approve', 'Approve Date'),
(295, 'repayment_start_date', 'Repayment From'),
(296, 'permission_by', 'Permitted By'),
(297, 'grand', 'Grant'),
(298, 'installment', 'Installment'),
(299, 'loan_status', 'status'),
(300, 'installment_period_m', 'Installment Period in Month'),
(301, 'successfully_inserted', 'Your loan Successfully Granted'),
(302, 'loan_installment', 'Loan Installment'),
(303, 'add_installment', 'Add Installment'),
(304, 'installment_list', 'List of Installment'),
(305, 'loan_id', 'Loan No'),
(306, 'installment_amount', 'Installment Amount'),
(307, 'payment', 'Payment'),
(308, 'received_by', 'Receiver'),
(309, 'installment_no', 'Install No'),
(310, 'notes', 'Notes'),
(311, 'paid', 'Paid'),
(312, 'loan_report', 'Loan Report'),
(313, 'e_r_id', 'Enter Your Employee ID'),
(314, 'leave', 'Leave'),
(315, 'add_leave', 'Add Leave'),
(316, 'list_leave', 'List of Leave'),
(317, 'dayname', 'Weekly Leave Day'),
(318, 'holiday', 'Holiday'),
(319, 'list_holiday', 'List of Holidays'),
(320, 'no_of_days', 'Number of Days'),
(321, 'holiday_name', 'Holiday Name'),
(322, 'set', 'SET'),
(323, 'tax', 'Tax'),
(324, 'tax_setup', 'Tax Setup'),
(325, 'add_tax_setup', 'Add Tax Setup'),
(326, 'list_tax_setup', 'List of Tax setup'),
(327, 'tax_collection', 'Tax collection'),
(328, 'start_amount', 'Start Amount'),
(329, 'end_amount', 'End Amount'),
(330, 'rate', 'Tax Rate'),
(331, 'date_start', 'Date Start'),
(332, 'amount_tax', 'Tax Amount'),
(333, 'collection_by', 'Collection By'),
(334, 'date_end', 'Date End'),
(335, 'income_net_period', 'Income  Net period'),
(336, 'default_amount', 'Default Amount'),
(337, 'add_sal_type', 'Add Salary Type'),
(338, 'list_sal_type', 'Salary Type List'),
(339, 'salary_type_setup', 'Salary Type Setup'),
(340, 'salary_setup', 'Salary SetUp'),
(341, 'add_sal_setup', 'Add Salary Setup'),
(342, 'list_sal_setup', 'Salary Setup List'),
(343, 'salary_type_id', 'Salary Type'),
(344, 'salary_generate', 'Salary Generate'),
(345, 'add_sal_generate', 'Generate Now'),
(346, 'list_sal_generate', 'Generated Salary List'),
(347, 'gdate', 'Generate Date'),
(348, 'start_dates', 'Start Date'),
(349, 'generate', 'Generate '),
(350, 'successfully_saved_saletup', ' Set up Successfull'),
(351, 's_date', 'Start Date'),
(352, 'e_date', 'End Date'),
(353, 'salary_payable', 'Payable Salary'),
(354, 'tax_manager', 'Tax'),
(355, 'generate_by', 'Generate By'),
(356, 'successfully_paid', 'Successfully Paid'),
(357, 'direct_empl', ' Employee'),
(358, 'add_emp_info', 'Add New Employee'),
(359, 'new_empl_pos', 'Add New Employee Position'),
(360, 'manage', 'Manage Position'),
(361, 'ad_advertisement', 'ADD POSITION'),
(362, 'moduless', 'Modules'),
(363, 'next', 'Next'),
(364, 'finish', 'Finish'),
(365, 'request', 'Request'),
(366, 'successfully_saved', 'Your Data Successfully Saved'),
(367, 'sal_type', 'Salary Type'),
(368, 'sal_name', 'Salary Name'),
(369, 'leave_application', 'Leave Application'),
(370, 'apply_strt_date', 'Application Start Date'),
(371, 'apply_end_date', 'Application End date'),
(372, 'leave_aprv_strt_date', 'Approve Start Date'),
(373, 'leave_aprv_end_date', 'Approved End Date'),
(374, 'num_aprv_day', 'Aproved Day'),
(375, 'reason', 'Reason'),
(376, 'approve_date', 'Approved Date'),
(377, 'leave_type', 'Leave Type'),
(378, 'apply_hard_copy', 'Application Hard Copy'),
(379, 'approved_by', 'Approved By'),
(380, 'notice', 'Notice Board'),
(381, 'noticeboard', 'Notice Board'),
(382, 'notice_descriptiion', 'Description'),
(383, 'notice_date', 'Notice Date'),
(384, 'notice_type', 'Notice Type'),
(385, 'notice_by', 'Notice By'),
(386, 'notice_attachment', 'Attachment'),
(387, 'account_name', 'Account Name'),
(388, 'account_type', 'Account Type'),
(389, 'account_id', 'Account Name'),
(390, 'transaction_description', 'Description'),
(391, 'payment_id', 'Payment'),
(392, 'create_by_id', 'Created By'),
(393, 'account', 'Account'),
(394, 'account_add', 'Add Account'),
(395, 'account_transaction', 'Transaction'),
(396, 'award', 'Award'),
(397, 'new_award', 'New Award'),
(398, 'award_name', 'Award Name'),
(399, 'aw_description', 'Award Description'),
(400, 'awr_gift_item', 'Gift Item'),
(401, 'awarded_by', 'Award By'),
(402, 'employee_name', 'Employee Name'),
(403, 'employee_list', 'Atn List'),
(404, 'department', 'Department'),
(405, 'department_name', 'Department Name '),
(406, 'clockout', 'ClockOut'),
(407, 'se_account_id', 'Select Account Name'),
(408, 'division', 'Division'),
(409, 'add_division', 'Add Division'),
(410, 'update_division', 'Update Division'),
(411, 'division_name', 'Division Name'),
(412, 'division_list', 'Manage Division '),
(413, 'designation_list', 'Position List'),
(414, 'manage_designation', 'Manage Position'),
(415, 'add_designation', 'Add Positionn'),
(416, 'select_division', 'Select Division'),
(417, 'select_designation', 'Select Position'),
(418, 'asset', 'Asset'),
(419, 'asset_type', 'Asset Type'),
(420, 'add_type', 'Add Type'),
(421, 'type_list', 'Type List'),
(422, 'type_name', 'Type Name'),
(423, 'select_type', 'Select Type'),
(424, 'equipment_name', 'Equipment Name'),
(425, 'model', 'Model'),
(426, 'serial_no', 'Serial No'),
(427, 'equipment', 'Equipment'),
(428, 'add_equipment', 'Add Equipment'),
(429, 'equipment_list', 'Equipment List'),
(430, 'type', 'Type'),
(431, 'equipment_maping', 'Equipment Mapping'),
(432, 'add_maping', 'Add Mapping'),
(433, 'maping_list', 'Mapping List'),
(434, 'update_equipment', 'Update Equipment'),
(435, 'select_employee', 'Select Employee'),
(436, 'select_equipment', 'Select Equipment'),
(437, 'basic_info', 'Basic Info'),
(438, 'middle_name', 'Middle Name'),
(439, 'state', 'Country'),
(440, 'city', 'City'),
(441, 'zip_code', 'Zip Code'),
(442, 'maiden_name', 'Maiden Name'),
(443, 'add_employee', 'Add Employee'),
(444, 'manage_employee', 'Manage Employee'),
(445, 'employee_update_form', 'Employee Update Form'),
(446, 'what_you_search', 'What You Search'),
(447, 'search', 'Search'),
(448, 'duty_type', 'Duty Type'),
(449, 'hire_date', 'Hire Date'),
(450, 'original_h_date', 'Original Hire Date'),
(451, 'voluntary_termination', 'Voluntary Termination'),
(452, 'termination_reason', 'Termination Reason'),
(453, 'termination_date', 'Termination Date'),
(454, 're_hire_date', 'Re Hire Date'),
(455, 'rate_type', 'Rate Type'),
(456, 'pay_frequency', 'Pay Frequency'),
(457, 'pay_frequency_txt', 'Pay Frequency Text'),
(458, 'hourly_rate2', 'Hourly rate2'),
(459, 'hourly_rate3', 'Hourly Rate3'),
(460, 'home_department', 'Home Department'),
(461, 'department_text', 'Department Text'),
(462, 'benifit_class_code', 'Benefit Class code'),
(463, 'benifit_desc', 'Benefit Description'),
(464, 'benifit_acc_date', 'Benefit Accrual Date'),
(465, 'benifit_sta', 'Benefit Status'),
(466, 'super_visor_name', 'Supervisor Name'),
(467, 'is_super_visor', 'Is Supervisor'),
(468, 'supervisor_report', 'Supervisor Report'),
(469, 'dob', 'Date of Birth'),
(470, 'gender', 'Gender'),
(471, 'marital_stats', 'Marital Status'),
(472, 'ethnic_group', 'Ethnic Group'),
(473, 'eeo_class_gp', 'EEO Class'),
(474, 'ssn', 'SSN'),
(475, 'work_in_state', 'Work in State'),
(476, 'live_in_state', 'Live in State'),
(477, 'home_email', 'Home Email'),
(478, 'business_email', 'Business Email'),
(479, 'home_phone', 'Home Phone'),
(480, 'business_phone', 'Business Phone'),
(481, 'cell_phone', 'Cell Phone'),
(482, 'emerg_contct', 'Emergency Contact'),
(483, 'emerg_home_phone', 'Emergency Home Phone'),
(484, 'emrg_w_phone', 'Emergency Work Phone'),
(485, 'emer_con_rela', 'Emergency Contact Relation'),
(486, 'alt_em_contct', 'Alter Emergency Contact'),
(487, 'alt_emg_h_phone', 'Alt Emergency Home Phone'),
(488, 'alt_emg_w_phone', 'Alt Emergency  Work Phone'),
(489, 'reports', 'Reports'),
(490, 'employee_reports', 'Employee Reports'),
(491, 'demographic_report', 'Demographic Report'),
(492, 'posting_report', 'Positional Report'),
(493, 'custom_report', 'Custom Report'),
(494, 'benifit_report', 'Benefit Report'),
(495, 'demographic_info', 'Demographical Information'),
(496, 'positional_info', 'Positional Information'),
(497, 'assets_info', 'Assets Information'),
(498, 'custom_field', 'Custom Field'),
(499, 'custom_value', 'Custom Data'),
(500, 'adhoc_report', 'Adhoc Report'),
(501, 'asset_assignment', 'Asset Assignment'),
(502, 'assign_asset', 'Assign Assets'),
(503, 'assign_list', 'Assign List'),
(504, 'update_assign', 'Update Assign'),
(505, 'citizenship', 'Citizenship'),
(506, 'class_sta', 'Class status'),
(507, 'class_acc_date', 'Class Accrual date'),
(508, 'class_descript', 'Class Description'),
(509, 'class_code', 'Class Code'),
(510, 'return_asset', 'Return Assets'),
(511, 'dept_id', 'Department ID'),
(512, 'parent_id', 'Parent ID'),
(513, 'equipment_id', 'Equipment ID'),
(514, 'issue_date', 'Issue Date'),
(515, 'damarage_desc', 'Damarage Description'),
(516, 'return_date', 'Return Date'),
(517, 'is_assign', 'Is Assign'),
(518, 'emp_his_id', 'Employee History ID'),
(519, 'damarage_descript', 'Damage Description'),
(520, 'return', 'Return'),
(521, 'return_successfull', 'Return Successfull'),
(522, 'return_list', 'Return List'),
(523, 'custom_data', 'Custom Data'),
(524, 'passing_year', 'Passing Year'),
(525, 'is_admin', 'Is Admin'),
(526, 'zip', 'Zip Code'),
(527, 'original_hire_date', 'Original Hire Date'),
(528, 'rehire_date', 'Rehire Date'),
(529, 'class_code_desc', 'Class Code Description'),
(530, 'class_status', 'Class Status'),
(531, 'super_visor_id', 'Supervisor ID'),
(532, 'marital_status', 'Marital Status'),
(533, 'emrg_h_phone', 'Emergency Home Phone'),
(534, 'emgr_contct_relation', 'Emergency Contact Relation'),
(535, 'id', 'ID'),
(536, 'type_id', 'Equipment Type'),
(537, 'custom_id', 'Custom ID'),
(538, 'custom_data_type', 'Custom Data Type'),
(539, 'role_permission', 'Role Permission'),
(540, 'permission_setup', 'Permission Setup'),
(541, 'add_role', 'Add Role'),
(542, 'role_list', 'Role List'),
(543, 'user_access_role', 'User Access Role'),
(544, 'menu_item_list', 'Menu Item List'),
(545, 'ins_menu_for_application', 'Ins Menu  For Application'),
(546, 'menu_title', 'Menu Title'),
(547, 'page_url', 'Page Url'),
(548, 'parent_menu', 'Parent Menu'),
(549, 'role', 'Role'),
(550, 'role_name', 'Role Name'),
(551, 'single_checkin', 'Single Check In'),
(552, 'bulk_checkin', 'Bulk Check In'),
(553, 'manage_attendance', 'Manage Attendance'),
(554, 'attendance_list', 'Attendance List'),
(555, 'checkin', 'Check In'),
(556, 'checkout', 'Check Out'),
(557, 'stay', 'Stay'),
(558, 'attendance_report', 'Attendance Report'),
(559, 'work_hour', 'Work Hour'),
(560, 'cancel', 'Cancel'),
(561, 'confirm_clock', 'Confirm Checkout'),
(562, 'add_attendance', 'Add Attendance'),
(563, 'upload_csv', 'Upload CSV'),
(564, 'import_attendance', 'Import Attendance'),
(565, 'manage_account', 'Manage Account'),
(566, 'add_account', 'Add Account'),
(567, 'add_new_account', 'Add New Account'),
(568, 'account_details', 'Account Details'),
(569, 'manage_transaction', 'Manage Transaction'),
(570, 'add_expence', 'Add Experience'),
(571, 'add_income', 'Add Income'),
(572, 'return_now', 'Return Now !!'),
(573, 'manage_award', 'Manage Award'),
(574, 'add_new_award', 'Add New Award'),
(575, 'personal_information', 'Personal Information'),
(576, 'educational_information', 'Educational Information'),
(577, 'past_experience', 'Past Experience'),
(578, 'basic_information', 'Basic Information'),
(579, 'result', 'Result'),
(580, 'institute_name', 'Institute Name'),
(581, 'education', 'Education'),
(582, 'manage_shortlist', 'Manage Short List'),
(583, 'manage_interview', 'Manage Interview'),
(584, 'manage_selection', 'Manage Selection'),
(585, 'add_new_dept', 'Add New Department'),
(586, 'manage_dept', 'Manage Department'),
(587, 'successfully_checkout', 'Checkout Successful !'),
(588, 'grant_loan', 'Grant Loan'),
(589, 'successfully_installed', 'Successfully Installed'),
(590, 'total_loan', 'Total Loan'),
(591, 'total_amount', 'Total Amount'),
(592, 'filter', 'Filter'),
(593, 'weekly_holiday', 'Weekly Holiday'),
(594, 'manage_application', 'Manage Application'),
(595, 'add_application', 'Add Application'),
(596, 'manage_holiday', 'Manage Holiday'),
(597, 'add_more_holiday', 'Add More Holiday'),
(598, 'manage_weekly_holiday', 'Manage Weekly Holiday'),
(599, 'add_weekly_holiday', 'Add Weekly Holiday'),
(600, 'manage_granted_loan', 'Manage Granted Loan'),
(601, 'manage_installment', 'Manage Installment'),
(602, 'add_new_notice', 'Add New Notice'),
(603, 'manage_notice', 'Manage Notice'),
(604, 'salary_type', 'Salary Benefits'),
(605, 'manage_salary_generate', 'Manage Salary Generate'),
(606, 'generate_now', 'Generate Now'),
(607, 'add_salary_setup', 'Add Salary Setup'),
(608, 'manage_salary_setup', 'Manage Salary Setup'),
(609, 'add_salary_type', 'Add Salary Benefits'),
(610, 'manage_salary_type', 'Manage Salary Benefits'),
(611, 'manage_tax_setup', 'Manage Tax Setup'),
(612, 'setup_tax', 'Setup Tax'),
(613, 'add_more', 'Add More'),
(614, 'tax_rate', 'Tax Rate'),
(615, 'no', 'No'),
(616, 'setup', 'Setup'),
(617, 'biographicalinfo', 'Bio-Graphical Information'),
(618, 'positional_information', 'Positional Information'),
(620, 'benifits', 'Benefits'),
(621, 's_rate', 'Rate'),
(622, 'others_leave_application', 'Leave Application'),
(623, 'add_leave_type', 'Add Leave Type'),
(624, 'others_leave', 'Others Leave'),
(625, 'number_of_leave_days', 'Number of Leave Days'),
(626, 'app_date', 'Application Date'),
(627, 'apply_day', 'Apply Day'),
(628, 'time_zone', 'Time Zone '),
(629, 'accounts', 'Accounts'),
(630, 'c_o_a', 'Chart of Account'),
(631, 'debit_voucher', 'Debit Voucher'),
(632, 'credit_voucher', 'Credit Voucher'),
(633, 'contra_voucher', 'Contra Voucher'),
(634, 'journal_voucher', 'Journal Voucher'),
(635, 'voucher_approval', 'Voucher Approval'),
(636, 'account_report', 'Account Report'),
(637, 'voucher_report', 'Voucher Report'),
(638, 'cash_book', 'Cash Book'),
(639, 'bank_book', 'Bank Book'),
(640, 'general_ledger', 'General Ledger'),
(641, 'trial_balance', 'Trial Balance'),
(642, 'profit_loss', 'Profit Loss'),
(643, 'cash_flow', 'Cash Flow'),
(644, 'coa_print', 'Coa Print'),
(645, 'grant', 'Grant'),
(646, 'confirm', 'Confirm'),
(647, 'pay_now', 'Pay Now ??'),
(648, 'find', 'Find'),
(649, 'gl_head', 'GL Head'),
(650, 'acc_code', 'Account Code'),
(651, 'from_date', 'From Date'),
(652, 'to_date', 'To Date'),
(653, 'bank_book_voucher', 'Bank Book Voucher'),
(654, 'bank_book_report_of', 'Bank Book Report Of'),
(655, 'on', 'On'),
(656, 'to', 'To'),
(657, 'opening_balance', 'Opening Balance'),
(658, 'balance', 'Balance'),
(659, 'credit', 'Credit'),
(660, 'debit', 'Debit'),
(661, 'head_of_account', 'Head Of Account'),
(662, 'voucher_type', 'Voucher Type'),
(663, 'voucher_no', 'Voucher No'),
(664, 'transaction_date', 'Transaction Date'),
(665, 'cash_book_voucher', 'Cash Book Voucher'),
(666, 'cash_book_report_on', 'Cash Book Report On'),
(667, 'particulars', 'Particulars'),
(668, 'amount_in_dollar', 'Amount In Dollar'),
(669, 'opening_cash_and_equivalent', 'Opening Cash && Equivalent'),
(670, 'cash_flow_statement', 'Cash Flow Statement'),
(671, 'code', 'Code'),
(672, 'remark', 'Remark'),
(673, 'debit_account_head', 'Debit Account Head'),
(674, 'cash_in_hand', 'Cash In Hand'),
(675, 'credit_account_head', 'Credit Account Head'),
(676, 'transaction_head', 'Transaction Head'),
(677, 'with_details', 'With Details'),
(678, 'no_report', 'No Of Report'),
(679, 'total', 'Total'),
(680, 'current_balance', 'Current Balance'),
(681, 'pre_balance', 'Pre Balance'),
(682, 'trial_balance_with_opening_as_on', 'Trial Balance With Opening '),
(683, 'as_on', 'As On'),
(684, 'chairman', 'Chairman'),
(685, 'prepared_by', 'Prepared By'),
(686, 'statement_of_comprehensive_income', 'Statement Of Comprehensive Income'),
(687, 'from', 'From'),
(688, 'total_expenses', 'Total Expenses'),
(689, 'total_income', 'Total Income'),
(690, 'authorized_signature', 'Authorize Signature'),
(691, 'account_official', 'Account Official'),
(692, 'approved', 'Approved'),
(693, 'update_credit_voucher', 'Update Credit Voucher'),
(694, 'benefits', 'Benefit'),
(695, 'class', 'Class'),
(696, 'biographical_info', 'Biographical Info'),
(697, 'additional_address', 'Additional Address'),
(698, 'custom', 'Custom'),
(699, 'can_name', 'Candidate Name'),
(700, 'select', 'Select'),
(701, 'benefit_type', 'Benefit Type'),
(702, 'salary_benefits_type', 'Benefits Type'),
(703, 'addition', 'Addition'),
(704, 'basic', 'Basic'),
(705, 'deduction', 'Deduction'),
(706, 'gross_salary', 'Gross Salary'),
(707, 'total_loan_amount', 'Total Loan Amount'),
(708, 'loan_no', 'Loan No'),
(709, 'loan_issue_id', 'Loan Issue Id'),
(710, 'repayment', 'Repayment'),
(711, 'candidate_name', 'Candidate name'),
(712, 'employee_performance', 'Employee Performance'),
(713, 'check_in', 'Check In'),
(714, 'check_out', 'Check Out'),
(715, 'datewise_report', 'Date Wise Report'),
(716, 'employee_wise_report', 'Employee Wise Report'),
(717, 'date_in_time_report', 'Date & In Time Report'),
(718, 'report_view', 'Report View'),
(719, 'notice_form', 'Notice Form');

-- --------------------------------------------------------

--
-- Table structure for table `leave_apply`
--

CREATE TABLE IF NOT EXISTS `leave_apply` (
  `leave_appl_id` int(11) NOT NULL AUTO_INCREMENT,
  `employee_id` varchar(20) NOT NULL,
  `leave_type_id` int(2) NOT NULL,
  `apply_strt_date` varchar(20) NOT NULL,
  `apply_end_date` varchar(20) NOT NULL,
  `apply_day` int(11) NOT NULL,
  `leave_aprv_strt_date` varchar(20) NOT NULL,
  `leave_aprv_end_date` varchar(20) NOT NULL,
  `num_aprv_day` varchar(15) NOT NULL,
  `reason` varchar(100) NOT NULL,
  `apply_hard_copy` text,
  `apply_date` varchar(20) NOT NULL,
  `approve_date` varchar(20) NOT NULL,
  `approved_by` varchar(30) NOT NULL,
  `leave_type` varchar(50) NOT NULL,
  PRIMARY KEY (`leave_appl_id`)
) ENGINE=InnoDB DEFAULT CHARSET=latin1;

-- --------------------------------------------------------

--
-- Table structure for table `leave_type`
--

CREATE TABLE IF NOT EXISTS `leave_type` (
  `leave_type_id` int(2) NOT NULL AUTO_INCREMENT,
  `leave_type` varchar(50) NOT NULL,
  `leave_days` int(2) NOT NULL,
  PRIMARY KEY (`leave_type_id`)
) ENGINE=InnoDB DEFAULT CHARSET=latin1;

-- --------------------------------------------------------

--
-- Table structure for table `loan_installment`
--

CREATE TABLE IF NOT EXISTS `loan_installment` (
  `loan_inst_id` int(11) NOT NULL AUTO_INCREMENT,
  `employee_id` varchar(21) CHARACTER SET latin1 NOT NULL,
  `loan_id` varchar(21) CHARACTER SET latin1 NOT NULL,
  `installment_amount` varchar(20) CHARACTER SET latin1 NOT NULL,
  `payment` varchar(20) CHARACTER SET latin1 NOT NULL,
  `date` varchar(20) CHARACTER SET latin1 NOT NULL,
  `received_by` varchar(20) CHARACTER SET latin1 NOT NULL,
  `installment_no` varchar(20) CHARACTER SET latin1 NOT NULL DEFAULT '1',
  `notes` varchar(80) CHARACTER SET latin1 NOT NULL,
  PRIMARY KEY (`loan_inst_id`)
) ENGINE=InnoDB DEFAULT CHARSET=utf8;

-- --------------------------------------------------------

--
-- Table structure for table `marital_info`
--

CREATE TABLE IF NOT EXISTS `marital_info` (
  `id` int(11) NOT NULL AUTO_INCREMENT,
  `marital_sta` varchar(30) NOT NULL,
  PRIMARY KEY (`id`)
) ENGINE=InnoDB AUTO_INCREMENT=6 DEFAULT CHARSET=latin1;

--
-- Dumping data for table `marital_info`
--

INSERT INTO `marital_info` (`id`, `marital_sta`) VALUES
(1, 'Single'),
(2, 'Married'),
(3, 'Divorced'),
(4, 'Widowed'),
(5, 'Other');

-- --------------------------------------------------------

--
-- Table structure for table `message`
--

CREATE TABLE IF NOT EXISTS `message` (
  `id` int(11) NOT NULL AUTO_INCREMENT,
  `sender_id` int(11) NOT NULL,
  `receiver_id` int(11) NOT NULL,
  `subject` varchar(255) NOT NULL,
  `message` text NOT NULL,
  `datetime` datetime NOT NULL,
  `sender_status` tinyint(1) NOT NULL DEFAULT '0' COMMENT '0=unseen, 1=seen, 2=delete',
  `receiver_status` tinyint(1) NOT NULL DEFAULT '0' COMMENT '0=unseen, 1=seen, 2=delete',
  PRIMARY KEY (`id`)
) ENGINE=InnoDB AUTO_INCREMENT=15 DEFAULT CHARSET=utf8;

--
-- Dumping data for table `message`
--

INSERT INTO `message` (`id`, `sender_id`, `receiver_id`, `subject`, `message`, `datetime`, `sender_status`, `receiver_status`) VALUES
(1, 2, 1, 'TEST', '<p>Â TEST</p>', '2017-02-07 00:00:00', 2, 2),
(3, 26, 3, 'TEST', '<p>receiver_id<strong></strong></p>', '2017-02-07 00:00:00', 0, 1),
(10, 2, 17, 'TEST', '<p>bbjkjhjh</p>', '2017-02-07 11:34:41', 0, 0),
(11, 2, 1, 'morning', '<p>sadefsdasdaff</p>', '2017-07-19 06:57:36', 1, 1),
(12, 2, 7, 'hi', '<p>fgdfg</p>', '2017-07-23 10:08:55', 1, 0),
(13, 2, 1, 'Salary report', '<p>Please send me salary report.....</p>', '2017-07-23 02:01:04', 1, 1),
(14, 2, 7, 'fbhz', 'dzfhdfh', '2017-11-22 09:06:48', 2, 0);

-- --------------------------------------------------------

--
-- Table structure for table `module`
--

CREATE TABLE IF NOT EXISTS `module` (
  `id` int(11) NOT NULL AUTO_INCREMENT,
  `name` varchar(50) NOT NULL,
  `description` text,
  `image` varchar(255) NOT NULL,
  `directory` varchar(100) NOT NULL,
  `status` tinyint(1) NOT NULL DEFAULT '1',
  PRIMARY KEY (`id`)
) ENGINE=InnoDB AUTO_INCREMENT=53 DEFAULT CHARSET=utf8;

--
-- Dumping data for table `module`
--

INSERT INTO `module` (`id`, `name`, `description`, `image`, `directory`, `status`) VALUES
(39, 'attendance Details ', 'Simple attendance processing System', 'application/modules/attendance/assets/images/thumbnail.jpg', 'attendance', 1),
(40, 'Employee circulation processing System', 'Simple circulation processing System', 'application/modules/circularprocess/assets/images/thumbnail.jpg', 'circularprocess', 1),
(41, 'Employee Details ', 'Simple hrm processing System', 'application/modules/employee/assets/images/thumbnail.jpg', 'employee', 1),
(42, 'Leave Details ', 'Simple leave processing System', 'application/modules/leave/assets/images/thumbnail.jpg', 'leave', 1),
(43, 'Loan Details ', 'Simple loan processing System', 'application/modules/loan/assets/images/thumbnail.jpg', 'loan', 1),
(44, 'TAX Details ', 'Simple tax processing System', 'application/modules/tax/assets/images/thumbnail.jpg', 'tax', 1),
(46, 'Payroll Details ', 'Simple payroll processing System', 'application/modules/payroll/assets/images/thumbnail.jpg', 'payroll', 1),
(48, 'Account', 'Account information', 'application/modules/account/assets/images/thumbnail.jpg', 'account', 1),
(49, 'Notice Details ', 'Simple Notice', 'application/modules/noticeboard/assets/images/thumbnail.jpg', 'noticeboard', 1),
(50, 'Award Details ', 'Simple Award', 'application/modules/award/assets/images/thumbnail.jpg', 'award', 1),
(52, 'asset Details ', 'Simple asset', 'application/modules/asset/assets/images/thumbnail.jpg', 'asset', 1);

-- --------------------------------------------------------

--
-- Table structure for table `module_permission`
--

CREATE TABLE IF NOT EXISTS `module_permission` (
  `id` int(11) NOT NULL AUTO_INCREMENT,
  `fk_module_id` int(11) NOT NULL,
  `fk_user_id` int(11) NOT NULL,
  `create` tinyint(1) DEFAULT NULL,
  `read` tinyint(1) DEFAULT NULL,
  `update` tinyint(1) DEFAULT NULL,
  `delete` tinyint(1) DEFAULT NULL,
  PRIMARY KEY (`id`),
  KEY `fk_module_id` (`fk_module_id`),
  KEY `fk_user_id` (`fk_user_id`)
) ENGINE=InnoDB AUTO_INCREMENT=31 DEFAULT CHARSET=utf8;

--
-- Dumping data for table `module_permission`
--

INSERT INTO `module_permission` (`id`, `fk_module_id`, `fk_user_id`, `create`, `read`, `update`, `delete`) VALUES
(5, 39, 3, 1, 1, 1, 1),
(6, 40, 3, 0, 0, 0, 0),
(7, 41, 3, 0, 1, 1, 1),
(8, 42, 3, 0, 0, 0, 0),
(9, 43, 3, 0, 1, 1, 0),
(10, 44, 3, 0, 0, 0, 0),
(21, 39, 1, 1, 1, 1, 1),
(22, 40, 1, 0, 0, 0, 0),
(23, 41, 1, 0, 0, 0, 0),
(24, 42, 1, 0, 0, 0, 0),
(25, 43, 1, 0, 0, 0, 0),
(26, 44, 1, 0, 0, 0, 0),
(27, 46, 1, 0, 0, 0, 0),
(28, 48, 1, 1, 1, 1, 0),
(29, 49, 1, 0, 0, 0, 0),
(30, 50, 1, 0, 0, 0, 0);

-- --------------------------------------------------------

--
-- Table structure for table `notice_board`
--

CREATE TABLE IF NOT EXISTS `notice_board` (
  `notice_id` int(11) NOT NULL AUTO_INCREMENT,
  `notice_descriptiion` text NOT NULL,
  `notice_date` date NOT NULL,
  `notice_type` varchar(50) NOT NULL,
  `notice_by` varchar(50) NOT NULL,
  `notice_attachment` text,
  PRIMARY KEY (`notice_id`)
) ENGINE=InnoDB DEFAULT CHARSET=latin1;

-- --------------------------------------------------------

--
-- Table structure for table `payroll_holiday`
--

CREATE TABLE IF NOT EXISTS `payroll_holiday` (
  `payrl_holi_id` int(11) UNSIGNED NOT NULL AUTO_INCREMENT,
  `holiday_name` varchar(30) CHARACTER SET latin1 NOT NULL,
  `start_date` varchar(30) CHARACTER SET latin1 NOT NULL,
  `end_date` varchar(30) CHARACTER SET latin1 NOT NULL,
  `no_of_days` varchar(30) CHARACTER SET latin1 NOT NULL,
  `created_by` varchar(30) CHARACTER SET latin1 NOT NULL,
  `updated_by` varchar(30) CHARACTER SET latin1 NOT NULL,
  PRIMARY KEY (`payrl_holi_id`)
) ENGINE=InnoDB DEFAULT CHARSET=utf8;

-- --------------------------------------------------------

--
-- Table structure for table `payroll_tax_collection`
--

CREATE TABLE IF NOT EXISTS `payroll_tax_collection` (
  `tax_coll_id` int(11) UNSIGNED NOT NULL AUTO_INCREMENT,
  `employee_id` varchar(30) CHARACTER SET latin1 NOT NULL,
  `date_start` varchar(30) CHARACTER SET latin1 NOT NULL,
  `amount_tax` varchar(30) CHARACTER SET latin1 NOT NULL,
  `collection_by` varchar(30) CHARACTER SET latin1 NOT NULL,
  `date_end` varchar(30) CHARACTER SET latin1 NOT NULL,
  `income_net_period` varchar(30) CHARACTER SET latin1 NOT NULL,
  PRIMARY KEY (`tax_coll_id`)
) ENGINE=InnoDB DEFAULT CHARSET=utf8;

-- --------------------------------------------------------

--
-- Table structure for table `payroll_tax_setup`
--

CREATE TABLE IF NOT EXISTS `payroll_tax_setup` (
  `tax_setup_id` int(11) UNSIGNED NOT NULL AUTO_INCREMENT,
  `start_amount` varchar(30) CHARACTER SET latin1 NOT NULL,
  `end_amount` varchar(30) CHARACTER SET latin1 NOT NULL,
  `rate` varchar(30) CHARACTER SET latin1 NOT NULL,
  `status` varchar(30) CHARACTER SET latin1 NOT NULL,
  PRIMARY KEY (`tax_setup_id`)
) ENGINE=InnoDB DEFAULT CHARSET=utf8;

-- --------------------------------------------------------

--
-- Table structure for table `pay_frequency`
--

CREATE TABLE IF NOT EXISTS `pay_frequency` (
  `id` int(11) NOT NULL AUTO_INCREMENT,
  `frequency_name` varchar(30) NOT NULL,
  PRIMARY KEY (`id`)
) ENGINE=InnoDB AUTO_INCREMENT=4 DEFAULT CHARSET=latin1;

--
-- Dumping data for table `pay_frequency`
--

INSERT INTO `pay_frequency` (`id`, `frequency_name`) VALUES
(1, 'Weekly'),
(2, 'Biweekly'),
(3, 'Annual');

-- --------------------------------------------------------

--
-- Table structure for table `position`
--

CREATE TABLE IF NOT EXISTS `position` (
  `pos_id` int(11) NOT NULL AUTO_INCREMENT,
  `position_name` varchar(255) CHARACTER SET latin1 NOT NULL,
  `position_details` varchar(255) CHARACTER SET latin1 NOT NULL,
  PRIMARY KEY (`pos_id`)
) ENGINE=InnoDB DEFAULT CHARSET=utf8;

-- --------------------------------------------------------

--
-- Table structure for table `rate_type`
--

CREATE TABLE IF NOT EXISTS `rate_type` (
  `id` int(11) NOT NULL AUTO_INCREMENT,
  `r_type_name` varchar(30) NOT NULL,
  PRIMARY KEY (`id`)
) ENGINE=InnoDB DEFAULT CHARSET=latin1;

-- --------------------------------------------------------

--
-- Table structure for table `salary_setup_header`
--

CREATE TABLE IF NOT EXISTS `salary_setup_header` (
  `s_s_h_id` int(11) UNSIGNED NOT NULL AUTO_INCREMENT,
  `employee_id` varchar(30) CHARACTER SET latin1 NOT NULL,
  `salary_payable` varchar(30) CHARACTER SET latin1 NOT NULL,
  `absent_deduct` varchar(30) CHARACTER SET latin1 NOT NULL,
  `tax_manager` varchar(30) CHARACTER SET latin1 NOT NULL,
  `status` varchar(30) CHARACTER SET latin1 NOT NULL,
  PRIMARY KEY (`s_s_h_id`)
) ENGINE=InnoDB DEFAULT CHARSET=utf8;

-- --------------------------------------------------------

--
-- Table structure for table `salary_sheet_generate`
--

CREATE TABLE IF NOT EXISTS `salary_sheet_generate` (
  `ssg_id` int(11) UNSIGNED NOT NULL AUTO_INCREMENT,
  `employee_id` varchar(20) NOT NULL,
  `name` varchar(30) CHARACTER SET latin1 NOT NULL,
  `gdate` varchar(20) DEFAULT NULL,
  `start_date` varchar(30) CHARACTER SET latin1 NOT NULL,
  `end_date` varchar(30) CHARACTER SET latin1 NOT NULL,
  `generate_by` varchar(30) CHARACTER SET latin1 NOT NULL,
  PRIMARY KEY (`ssg_id`)
) ENGINE=InnoDB DEFAULT CHARSET=utf8;

-- --------------------------------------------------------

--
-- Table structure for table `salary_type`
--

CREATE TABLE IF NOT EXISTS `salary_type` (
  `salary_type_id` int(10) UNSIGNED NOT NULL AUTO_INCREMENT,
  `sal_name` varchar(50) CHARACTER SET latin1 NOT NULL,
  `emp_sal_type` varchar(50) CHARACTER SET latin1 NOT NULL,
  `default_amount` varchar(30) NOT NULL,
  `status` varchar(50) NOT NULL,
  PRIMARY KEY (`salary_type_id`)
) ENGINE=InnoDB AUTO_INCREMENT=18 DEFAULT CHARSET=utf8;

--
-- Dumping data for table `salary_type`
--

INSERT INTO `salary_type` (`salary_type_id`, `sal_name`, `emp_sal_type`, `default_amount`, `status`) VALUES
(6, 'Medical', '1', '10000', ''),
(10, 'house Rent', '1', '1000', ''),
(12, 'Provident fund', '0', '200', ''),
(13, 'Bima', '0', '1000', '');

-- --------------------------------------------------------

--
-- Table structure for table `sampledata`
--

CREATE TABLE IF NOT EXISTS `sampledata` (
  `brand` varchar(30) NOT NULL,
  `dealer_name` varchar(30) NOT NULL,
  `authorized` varchar(30) NOT NULL,
  `address` varchar(30) NOT NULL,
  `contact_no` varchar(30) NOT NULL,
  `mobile_no` varchar(30) NOT NULL,
  `fax` varchar(30) NOT NULL,
  `email_id` varchar(30) NOT NULL,
  `website_addr` varchar(30) NOT NULL,
  `state` varchar(30) NOT NULL,
  `city` varchar(30) NOT NULL
) ENGINE=InnoDB DEFAULT CHARSET=latin1;

-- --------------------------------------------------------

--
-- Table structure for table `sec_menu_item`
--

CREATE TABLE IF NOT EXISTS `sec_menu_item` (
  `menu_id` int(11) NOT NULL AUTO_INCREMENT,
  `menu_title` varchar(200) COLLATE utf8_unicode_ci DEFAULT NULL,
  `page_url` varchar(250) COLLATE utf8_unicode_ci DEFAULT NULL,
  `module` varchar(200) COLLATE utf8_unicode_ci DEFAULT NULL,
  `parent_menu` int(11) DEFAULT NULL,
  `is_report` tinyint(1) DEFAULT NULL,
  `createby` int(11) NOT NULL,
  `createdate` datetime NOT NULL,
  PRIMARY KEY (`menu_id`)
) ENGINE=InnoDB AUTO_INCREMENT=203 DEFAULT CHARSET=utf8 COLLATE=utf8_unicode_ci;

--
-- Dumping data for table `sec_menu_item`
--

INSERT INTO `sec_menu_item` (`menu_id`, `menu_title`, `page_url`, `module`, `parent_menu`, `is_report`, `createby`, `createdate`) VALUES
(134, 'asset_type', '', 'asset', NULL, 0, 2, '2018-10-04 00:00:00'),
(135, 'add_type', 'type_form', 'asset', 134, 0, 2, '2018-10-04 00:00:00'),
(136, 'type_list', 'type_list', 'asset', 134, 0, 2, '2018-10-04 00:00:00'),
(137, 'equipment', '', 'asset', 0, 0, 2, '2018-10-04 00:00:00'),
(138, 'add_equipment', 'equipment_form', 'asset', 137, 0, 2, '2018-10-04 00:00:00'),
(139, 'equipment_list', 'equipment_list', 'asset', 137, 0, 2, '2018-10-04 00:00:00'),
(140, 'asset_assignment', '', 'asset', 0, 0, 2, '2018-10-04 00:00:00'),
(141, 'assign_asset', 'maping_form', 'asset', 140, 0, 2, '2018-10-04 00:00:00'),
(142, 'assign_list', 'maping_list', 'asset', 140, 0, 2, '2018-10-04 00:00:00'),
(143, 'return', '', 'asset', NULL, 0, 2, '2018-10-04 00:00:00'),
(144, 'return_asset', 'asset_return_form', 'asset', 143, 0, 2, '2018-10-04 00:00:00'),
(145, 'return_list', 'return_list', 'asset', 143, 0, 2, '2018-10-04 00:00:00'),
(146, 'attendance', '', 'attendance', 0, 0, 2, '2018-10-04 00:00:00'),
(147, 'atn_form', 'atnview', 'attendance', 146, 0, 2, '2018-10-04 00:00:00'),
(148, 'atn_report', 'attendance_list', 'attendance', 146, 0, 2, '2018-10-04 00:00:00'),
(149, 'new_award', 'award_form', 'award', 0, 0, 2, '2018-10-04 00:00:00'),
(150, 'candidate_basic_info', '', 'circularprocess', 0, 0, 2, '2018-10-04 00:00:00'),
(151, 'add_canbasic_info', 'canInfo_form', 'circularprocess', 150, 0, 2, '2018-10-04 00:00:00'),
(152, 'can_basicinfo_list', 'canInfoview', 'circularprocess', 150, 0, 2, '2018-10-04 00:00:00'),
(153, 'candidate_shortlist', 'shortlist_form', 'circularprocess', 0, 0, 2, '2018-10-04 00:00:00'),
(154, 'candidate_interview', 'interview_form', 'circularprocess', 0, 0, 2, '2018-10-04 00:00:00'),
(155, 'candidate_selection', 'selection_form', 'circularprocess', 0, 0, 2, '2018-10-04 00:00:00'),
(156, 'department', 'dept_form', 'department', 0, 0, 2, '2018-10-04 00:00:00'),
(157, 'division', '', 'department', 0, 0, 2, '2018-10-04 00:00:00'),
(158, 'add_division', 'division_form', 'department', 157, 0, 2, '2018-10-04 00:00:00'),
(159, 'division_list', 'division_list', 'department', 157, 0, 2, '2018-10-04 00:00:00'),
(161, 'position', 'position_form', 'employee', 0, 0, 2, '2018-10-04 00:00:00'),
(162, 'direct_empl', '', 'employee', 0, 0, 2, '2018-10-04 00:00:00'),
(163, 'add_employee', 'employ_form', 'employee', 162, 0, 2, '2018-10-04 00:00:00'),
(164, 'manage_employee', 'employee_view', 'employee', 162, 0, 2, '2018-10-04 00:00:00'),
(165, 'emp_performance', 'emp_performance_form', 'employee', 0, 0, 2, '2018-10-04 00:00:00'),
(166, 'emp_sal_payment', 'paymentview', 'employee', 0, 0, 2, '2018-10-04 00:00:00'),
(167, 'weekly_holiday', 'weeklyform', 'leave', 0, 0, 2, '2018-10-08 00:00:00'),
(168, 'holiday', 'holiday_form', 'leave', 0, 0, 2, '2018-10-08 00:00:00'),
(169, 'others_leave_application', '', 'leave', NULL, 0, 2, '2018-10-08 00:00:00'),
(170, 'loan_grand', 'grandloan_form', 'loan', 0, 0, 2, '2018-10-08 00:00:00'),
(171, 'loan_installment', 'installment_form', 'loan', 0, 0, 2, '2018-10-08 00:00:00'),
(172, 'loan_report', 'ln_report', 'loan', 0, 0, 2, '2018-10-08 00:00:00'),
(173, 'notice', 'notice_form', 'noticeboard', 0, 0, 2, '2018-10-08 00:00:00'),
(174, 'salary_type_setup', 'emp_salarysetup_form', 'payroll', NULL, 0, 2, '2018-10-08 00:00:00'),
(175, 'salary_setup', 'salarysetup_form', 'payroll', 0, 0, 2, '2018-10-08 00:00:00'),
(176, 'salary_generate', 'salary_generate_form', 'payroll', 0, 0, 2, '2018-10-08 00:00:00'),
(177, 'employee_reports', '', 'reports', 0, 0, 2, '2018-10-09 00:00:00'),
(178, 'demographic_report', 'demographic_list', 'reports', 177, 0, 2, '2018-10-09 00:00:00'),
(179, 'posting_report', 'positional_list', 'reports', 177, 0, 2, '2018-10-09 00:00:00'),
(180, 'asset', 'assets_list', 'reports', 177, 0, 2, '2018-10-09 00:00:00'),
(181, 'benifit_report', 'benifit_list', 'reports', 177, 0, 2, '2018-10-09 00:00:00'),
(182, 'custom_report', 'custom_list', 'reports', 177, 0, 2, '2018-10-09 00:00:00'),
(183, 'adhoc_report', 'adhoc_form', 'reports', 0, 0, 2, '2018-10-09 00:00:00'),
(184, 'tax_setup', 'tax_setupform', 'tax', 0, 0, 2, '2018-10-09 00:00:00'),
(185, 'tax_collection', 'tax_collection_view', 'tax', 0, 0, 2, '2018-10-09 00:00:00'),
(186, 'add_leave_type', 'leave_type_form', 'leave', 169, 0, 2, '2018-10-16 00:00:00'),
(187, 'leave_application', 'other_leave_application_form', 'leave', 169, 0, 2, '2018-10-16 00:00:00'),
(188, 'c_o_a', 'treeview', 'accounts', NULL, 0, 2, '2018-10-18 00:00:00'),
(189, 'debit_voucher', 'debit_voucher', 'accounts', 0, 0, 2, '2018-10-18 00:00:00'),
(190, 'credit_voucher', 'credit_voucher', 'accounts', 0, 0, 2, '2018-10-18 00:00:00'),
(191, 'contra_voucher', 'contra_voucher', 'accounts', 0, 0, 2, '2018-10-18 00:00:00'),
(192, 'journal_voucher', 'journal_voucher', 'accounts', 0, 0, 2, '2018-10-18 00:00:00'),
(193, 'voucher_approval', 'voucher_approve', 'accounts', 0, 0, 2, '2018-10-18 00:00:00'),
(194, 'account_report', '', 'accounts', 0, 0, 2, '2018-10-18 00:00:00'),
(195, 'voucher_report', 'coa', 'accounts', 194, 0, 2, '2018-10-18 00:00:00'),
(196, 'cash_book', 'cash_book', 'accounts', 194, 0, 2, '2018-10-18 00:00:00'),
(197, 'bank_book', 'bank_book', 'accounts', 194, 0, 2, '2018-10-18 00:00:00'),
(198, 'general_ledger', 'general_ledger', 'accounts', 194, 0, 2, '2018-10-18 00:00:00'),
(199, 'trial_balance', 'trial_balance', 'accounts', 194, 0, 2, '2018-10-18 00:00:00'),
(200, 'profit_loss', 'profit_loss_report', 'accounts', 194, 0, 2, '2018-10-18 00:00:00'),
(201, 'cash_flow', 'cash_flow_report', 'accounts', 194, 0, 2, '2018-10-18 00:00:00'),
(202, 'coa_print', 'coa_print', 'accounts', 194, 0, 2, '2018-10-18 00:00:00');

-- --------------------------------------------------------

--
-- Table structure for table `sec_role_permission`
--

CREATE TABLE IF NOT EXISTS `sec_role_permission` (
  `id` bigint(20) NOT NULL AUTO_INCREMENT,
  `role_id` int(11) NOT NULL,
  `menu_id` int(11) NOT NULL,
  `can_access` tinyint(1) NOT NULL,
  `can_create` tinyint(1) NOT NULL,
  `can_edit` tinyint(1) NOT NULL,
  `can_delete` tinyint(1) NOT NULL,
  `createby` int(11) NOT NULL,
  `createdate` datetime NOT NULL,
  PRIMARY KEY (`id`)
) ENGINE=InnoDB AUTO_INCREMENT=1366 DEFAULT CHARSET=utf8 COLLATE=utf8_unicode_ci;

--
-- Dumping data for table `sec_role_permission`
--

INSERT INTO `sec_role_permission` (`id`, `role_id`, `menu_id`, `can_access`, `can_create`, `can_edit`, `can_delete`, `createby`, `createdate`) VALUES
(1094, 4, 188, 0, 0, 0, 0, 2, '2018-10-24 08:07:37'),
(1095, 4, 189, 0, 0, 0, 0, 2, '2018-10-24 08:07:37'),
(1096, 4, 190, 0, 0, 0, 0, 2, '2018-10-24 08:07:37'),
(1097, 4, 191, 0, 0, 0, 0, 2, '2018-10-24 08:07:37'),
(1098, 4, 192, 0, 0, 0, 0, 2, '2018-10-24 08:07:37'),
(1099, 4, 193, 0, 0, 0, 0, 2, '2018-10-24 08:07:37'),
(1100, 4, 194, 0, 0, 0, 0, 2, '2018-10-24 08:07:37'),
(1101, 4, 195, 0, 0, 0, 0, 2, '2018-10-24 08:07:37'),
(1102, 4, 196, 0, 0, 0, 0, 2, '2018-10-24 08:07:37'),
(1103, 4, 197, 0, 0, 0, 0, 2, '2018-10-24 08:07:37'),
(1104, 4, 198, 0, 0, 0, 0, 2, '2018-10-24 08:07:37'),
(1105, 4, 199, 0, 0, 0, 0, 2, '2018-10-24 08:07:37'),
(1106, 4, 200, 0, 0, 0, 0, 2, '2018-10-24 08:07:37'),
(1107, 4, 201, 0, 0, 0, 0, 2, '2018-10-24 08:07:37'),
(1108, 4, 202, 0, 0, 0, 0, 2, '2018-10-24 08:07:37'),
(1109, 4, 134, 1, 1, 1, 1, 2, '2018-10-24 08:07:37'),
(1110, 4, 135, 1, 1, 1, 0, 2, '2018-10-24 08:07:37'),
(1111, 4, 136, 1, 1, 1, 0, 2, '2018-10-24 08:07:37'),
(1112, 4, 137, 0, 0, 0, 0, 2, '2018-10-24 08:07:37'),
(1113, 4, 138, 0, 0, 0, 0, 2, '2018-10-24 08:07:37'),
(1114, 4, 139, 0, 0, 0, 0, 2, '2018-10-24 08:07:37'),
(1115, 4, 140, 0, 0, 0, 0, 2, '2018-10-24 08:07:37'),
(1116, 4, 141, 0, 0, 0, 0, 2, '2018-10-24 08:07:37'),
(1117, 4, 142, 0, 0, 0, 0, 2, '2018-10-24 08:07:37'),
(1118, 4, 143, 0, 0, 0, 0, 2, '2018-10-24 08:07:37'),
(1119, 4, 144, 0, 0, 0, 0, 2, '2018-10-24 08:07:37'),
(1120, 4, 145, 0, 0, 0, 0, 2, '2018-10-24 08:07:37'),
(1121, 4, 146, 0, 0, 0, 0, 2, '2018-10-24 08:07:37'),
(1122, 4, 147, 0, 0, 0, 0, 2, '2018-10-24 08:07:37'),
(1123, 4, 148, 0, 0, 0, 0, 2, '2018-10-24 08:07:37'),
(1124, 4, 149, 0, 0, 0, 0, 2, '2018-10-24 08:07:37'),
(1125, 4, 150, 0, 0, 0, 0, 2, '2018-10-24 08:07:37'),
(1126, 4, 151, 0, 0, 0, 0, 2, '2018-10-24 08:07:37'),
(1127, 4, 152, 0, 0, 0, 0, 2, '2018-10-24 08:07:37'),
(1128, 4, 153, 0, 0, 0, 0, 2, '2018-10-24 08:07:37'),
(1129, 4, 154, 0, 0, 0, 0, 2, '2018-10-24 08:07:37'),
(1130, 4, 155, 0, 0, 0, 0, 2, '2018-10-24 08:07:37'),
(1131, 4, 156, 0, 0, 0, 0, 2, '2018-10-24 08:07:37'),
(1132, 4, 157, 0, 0, 0, 0, 2, '2018-10-24 08:07:37'),
(1133, 4, 158, 0, 0, 0, 0, 2, '2018-10-24 08:07:37'),
(1134, 4, 159, 0, 0, 0, 0, 2, '2018-10-24 08:07:37'),
(1135, 4, 161, 0, 0, 0, 0, 2, '2018-10-24 08:07:37'),
(1136, 4, 162, 0, 0, 0, 0, 2, '2018-10-24 08:07:37'),
(1137, 4, 163, 0, 0, 0, 0, 2, '2018-10-24 08:07:37'),
(1138, 4, 164, 0, 0, 0, 0, 2, '2018-10-24 08:07:37'),
(1139, 4, 165, 0, 0, 0, 0, 2, '2018-10-24 08:07:37'),
(1140, 4, 166, 0, 0, 0, 0, 2, '2018-10-24 08:07:37'),
(1141, 4, 167, 0, 0, 0, 0, 2, '2018-10-24 08:07:37'),
(1142, 4, 168, 0, 0, 0, 0, 2, '2018-10-24 08:07:37'),
(1143, 4, 169, 0, 0, 0, 0, 2, '2018-10-24 08:07:37'),
(1144, 4, 186, 0, 0, 0, 0, 2, '2018-10-24 08:07:37'),
(1145, 4, 187, 0, 0, 0, 0, 2, '2018-10-24 08:07:37'),
(1146, 4, 170, 0, 0, 0, 0, 2, '2018-10-24 08:07:37'),
(1147, 4, 171, 0, 0, 0, 0, 2, '2018-10-24 08:07:37'),
(1148, 4, 172, 0, 0, 0, 0, 2, '2018-10-24 08:07:37'),
(1149, 4, 173, 0, 0, 0, 0, 2, '2018-10-24 08:07:37'),
(1150, 4, 174, 0, 0, 0, 0, 2, '2018-10-24 08:07:37'),
(1151, 4, 175, 0, 0, 0, 0, 2, '2018-10-24 08:07:37'),
(1152, 4, 176, 0, 0, 0, 0, 2, '2018-10-24 08:07:37'),
(1153, 4, 177, 0, 0, 0, 0, 2, '2018-10-24 08:07:37'),
(1154, 4, 178, 0, 0, 0, 0, 2, '2018-10-24 08:07:37'),
(1155, 4, 179, 0, 0, 0, 0, 2, '2018-10-24 08:07:37'),
(1156, 4, 180, 0, 0, 0, 0, 2, '2018-10-24 08:07:37'),
(1157, 4, 181, 0, 0, 0, 0, 2, '2018-10-24 08:07:37'),
(1158, 4, 182, 0, 0, 0, 0, 2, '2018-10-24 08:07:37'),
(1159, 4, 183, 0, 0, 0, 0, 2, '2018-10-24 08:07:37'),
(1160, 4, 184, 0, 0, 0, 0, 2, '2018-10-24 08:07:37'),
(1161, 4, 185, 0, 0, 0, 0, 2, '2018-10-24 08:07:37'),
(1298, 3, 188, 0, 0, 0, 0, 2, '2018-10-31 11:49:12'),
(1299, 3, 189, 0, 0, 0, 0, 2, '2018-10-31 11:49:12'),
(1300, 3, 190, 0, 0, 0, 0, 2, '2018-10-31 11:49:12'),
(1301, 3, 191, 0, 0, 0, 0, 2, '2018-10-31 11:49:12'),
(1302, 3, 192, 0, 0, 0, 0, 2, '2018-10-31 11:49:12'),
(1303, 3, 193, 0, 0, 0, 0, 2, '2018-10-31 11:49:12'),
(1304, 3, 194, 0, 0, 0, 0, 2, '2018-10-31 11:49:12'),
(1305, 3, 195, 0, 0, 0, 0, 2, '2018-10-31 11:49:12'),
(1306, 3, 196, 0, 0, 0, 0, 2, '2018-10-31 11:49:12'),
(1307, 3, 197, 0, 0, 0, 0, 2, '2018-10-31 11:49:12'),
(1308, 3, 198, 0, 0, 0, 0, 2, '2018-10-31 11:49:12'),
(1309, 3, 199, 0, 0, 0, 0, 2, '2018-10-31 11:49:12'),
(1310, 3, 200, 0, 0, 0, 0, 2, '2018-10-31 11:49:12'),
(1311, 3, 201, 0, 0, 0, 0, 2, '2018-10-31 11:49:12'),
(1312, 3, 202, 0, 0, 0, 0, 2, '2018-10-31 11:49:12'),
(1313, 3, 134, 0, 0, 0, 0, 2, '2018-10-31 11:49:12'),
(1314, 3, 135, 0, 0, 0, 0, 2, '2018-10-31 11:49:12'),
(1315, 3, 136, 0, 0, 0, 0, 2, '2018-10-31 11:49:12'),
(1316, 3, 137, 0, 0, 0, 0, 2, '2018-10-31 11:49:12'),
(1317, 3, 138, 0, 0, 0, 0, 2, '2018-10-31 11:49:12'),
(1318, 3, 139, 0, 0, 0, 0, 2, '2018-10-31 11:49:12'),
(1319, 3, 140, 0, 0, 0, 0, 2, '2018-10-31 11:49:12'),
(1320, 3, 141, 0, 0, 0, 0, 2, '2018-10-31 11:49:12'),
(1321, 3, 142, 0, 0, 0, 0, 2, '2018-10-31 11:49:12'),
(1322, 3, 143, 0, 0, 0, 0, 2, '2018-10-31 11:49:12'),
(1323, 3, 144, 0, 0, 0, 0, 2, '2018-10-31 11:49:12'),
(1324, 3, 145, 0, 0, 0, 0, 2, '2018-10-31 11:49:12'),
(1325, 3, 146, 1, 1, 1, 1, 2, '2018-10-31 11:49:12'),
(1326, 3, 147, 1, 1, 1, 1, 2, '2018-10-31 11:49:12'),
(1327, 3, 148, 1, 1, 1, 1, 2, '2018-10-31 11:49:12'),
(1328, 3, 149, 0, 0, 0, 0, 2, '2018-10-31 11:49:12'),
(1329, 3, 150, 0, 0, 0, 0, 2, '2018-10-31 11:49:12'),
(1330, 3, 151, 0, 0, 0, 0, 2, '2018-10-31 11:49:12'),
(1331, 3, 152, 0, 0, 0, 0, 2, '2018-10-31 11:49:12'),
(1332, 3, 153, 0, 0, 0, 0, 2, '2018-10-31 11:49:12'),
(1333, 3, 154, 0, 0, 0, 0, 2, '2018-10-31 11:49:12'),
(1334, 3, 155, 0, 0, 0, 0, 2, '2018-10-31 11:49:12'),
(1335, 3, 156, 0, 0, 0, 0, 2, '2018-10-31 11:49:12'),
(1336, 3, 157, 0, 0, 0, 0, 2, '2018-10-31 11:49:12'),
(1337, 3, 158, 0, 0, 0, 0, 2, '2018-10-31 11:49:12'),
(1338, 3, 159, 0, 0, 0, 0, 2, '2018-10-31 11:49:12'),
(1339, 3, 161, 1, 1, 1, 1, 2, '2018-10-31 11:49:12'),
(1340, 3, 162, 1, 1, 1, 1, 2, '2018-10-31 11:49:12'),
(1341, 3, 163, 1, 1, 1, 1, 2, '2018-10-31 11:49:12'),
(1342, 3, 164, 1, 1, 1, 1, 2, '2018-10-31 11:49:12'),
(1343, 3, 165, 1, 1, 1, 1, 2, '2018-10-31 11:49:12'),
(1344, 3, 166, 1, 1, 1, 1, 2, '2018-10-31 11:49:12'),
(1345, 3, 167, 1, 1, 1, 1, 2, '2018-10-31 11:49:12'),
(1346, 3, 168, 1, 1, 1, 1, 2, '2018-10-31 11:49:12'),
(1347, 3, 169, 1, 1, 1, 1, 2, '2018-10-31 11:49:12'),
(1348, 3, 186, 1, 1, 1, 1, 2, '2018-10-31 11:49:12'),
(1349, 3, 187, 1, 1, 1, 1, 2, '2018-10-31 11:49:12'),
(1350, 3, 170, 0, 0, 0, 0, 2, '2018-10-31 11:49:12'),
(1351, 3, 171, 0, 0, 0, 0, 2, '2018-10-31 11:49:12'),
(1352, 3, 172, 0, 0, 0, 0, 2, '2018-10-31 11:49:12'),
(1353, 3, 173, 0, 0, 0, 0, 2, '2018-10-31 11:49:12'),
(1354, 3, 174, 0, 0, 0, 0, 2, '2018-10-31 11:49:12'),
(1355, 3, 175, 0, 0, 0, 0, 2, '2018-10-31 11:49:12'),
(1356, 3, 176, 0, 0, 0, 0, 2, '2018-10-31 11:49:12'),
(1357, 3, 177, 0, 0, 0, 0, 2, '2018-10-31 11:49:12'),
(1358, 3, 178, 0, 0, 0, 0, 2, '2018-10-31 11:49:12'),
(1359, 3, 179, 0, 0, 0, 0, 2, '2018-10-31 11:49:12'),
(1360, 3, 180, 0, 0, 0, 0, 2, '2018-10-31 11:49:12'),
(1361, 3, 181, 0, 0, 0, 0, 2, '2018-10-31 11:49:12'),
(1362, 3, 182, 0, 0, 0, 0, 2, '2018-10-31 11:49:12'),
(1363, 3, 183, 0, 0, 0, 0, 2, '2018-10-31 11:49:12'),
(1364, 3, 184, 0, 0, 0, 0, 2, '2018-10-31 11:49:12'),
(1365, 3, 185, 0, 0, 0, 0, 2, '2018-10-31 11:49:12');

-- --------------------------------------------------------

--
-- Table structure for table `sec_role_tbl`
--

CREATE TABLE IF NOT EXISTS `sec_role_tbl` (
  `role_id` int(11) NOT NULL AUTO_INCREMENT,
  `role_name` text NOT NULL,
  `role_description` text NOT NULL,
  `create_by` int(11) DEFAULT NULL,
  `date_time` datetime DEFAULT NULL,
  `role_status` int(11) NOT NULL DEFAULT '1',
  PRIMARY KEY (`role_id`)
) ENGINE=InnoDB AUTO_INCREMENT=5 DEFAULT CHARSET=utf8;

--
-- Dumping data for table `sec_role_tbl`
--

INSERT INTO `sec_role_tbl` (`role_id`, `role_name`, `role_description`, `create_by`, `date_time`, `role_status`) VALUES
(3, 'Manager', 'sdfdfsdf', 2, '2018-10-04 11:22:31', 1),
(4, 'Second Role', 'sdfasdf', 2, '2018-10-24 08:07:37', 1);

-- --------------------------------------------------------

--
-- Table structure for table `sec_user_access_tbl`
--

CREATE TABLE IF NOT EXISTS `sec_user_access_tbl` (
  `role_acc_id` int(11) NOT NULL AUTO_INCREMENT,
  `fk_role_id` int(11) NOT NULL,
  `fk_user_id` int(11) NOT NULL,
  PRIMARY KEY (`role_acc_id`)
) ENGINE=InnoDB DEFAULT CHARSET=utf8;

-- --------------------------------------------------------

--
-- Table structure for table `setting`
--

CREATE TABLE IF NOT EXISTS `setting` (
  `id` int(11) NOT NULL AUTO_INCREMENT,
  `title` varchar(255) DEFAULT NULL,
  `address` text,
  `email` varchar(50) DEFAULT NULL,
  `phone` varchar(20) DEFAULT NULL,
  `logo` varchar(50) DEFAULT NULL,
  `favicon` varchar(100) DEFAULT NULL,
  `language` varchar(100) DEFAULT NULL,
  `timezone` varchar(150) NOT NULL,
  `site_align` varchar(50) DEFAULT NULL,
  `footer_text` varchar(255) DEFAULT NULL,
  PRIMARY KEY (`id`)
) ENGINE=InnoDB AUTO_INCREMENT=3 DEFAULT CHARSET=utf8;

--
-- Dumping data for table `setting`
--

INSERT INTO `setting` (`id`, `title`, `address`, `email`, `phone`, `logo`, `favicon`, `language`, `timezone`, `site_align`, `footer_text`) VALUES
(2, 'Human Resource Management', '98 Green Road, Farmgate, Dhaka-1215.', 'bdtask@gmail.com', '0123456789', 'assets/img/icons/2017-07-22/HRM.png', 'assets/img/icons/2017-04-03/m.png', 'english', 'Europe/London', 'LTR', '2017Â©Copyright');

-- --------------------------------------------------------

--
-- Table structure for table `synchronizer_setting`
--

CREATE TABLE IF NOT EXISTS `synchronizer_setting` (
  `id` int(11) NOT NULL AUTO_INCREMENT,
  `hostname` varchar(100) NOT NULL,
  `username` varchar(100) NOT NULL,
  `password` varchar(100) NOT NULL,
  `port` varchar(10) NOT NULL,
  `debug` varchar(10) NOT NULL,
  `project_root` varchar(100) NOT NULL,
  PRIMARY KEY (`id`)
) ENGINE=InnoDB AUTO_INCREMENT=9 DEFAULT CHARSET=utf8;

--
-- Dumping data for table `synchronizer_setting`
--

INSERT INTO `synchronizer_setting` (`id`, `hostname`, `username`, `password`, `port`, `debug`, `project_root`) VALUES
(8, '70.35.198.244', 'spreadcargo', 'SpreadShorob1@', '21', 'true', './public_html/');

-- --------------------------------------------------------

--
-- Table structure for table `user`
--

CREATE TABLE IF NOT EXISTS `user` (
  `id` int(11) NOT NULL AUTO_INCREMENT,
  `firstname` varchar(50) NOT NULL,
  `lastname` varchar(50) NOT NULL,
  `about` text,
  `email` varchar(100) NOT NULL,
  `password` varchar(32) NOT NULL,
  `password_reset_token` varchar(20) NOT NULL,
  `image` varchar(100) DEFAULT NULL,
  `last_login` datetime DEFAULT NULL,
  `last_logout` datetime DEFAULT NULL,
  `ip_address` varchar(14) DEFAULT NULL,
  `status` tinyint(1) NOT NULL DEFAULT '1',
  `is_admin` tinyint(4) NOT NULL DEFAULT '0',
  PRIMARY KEY (`id`)
) ENGINE=InnoDB AUTO_INCREMENT=18 DEFAULT CHARSET=utf8;

--
-- Dumping data for table `user`
--

INSERT INTO `user` (`id`, `firstname`, `lastname`, `about`, `email`, `password`, `password_reset_token`, `image`, `last_login`, `last_logout`, `ip_address`, `status`, `is_admin`) VALUES
(1, 'AB', 'Doe', 'TEST', 'john@doe.com', '827ccb0eea8a706c4c34a16891f84e7b', '', './assets/img/user/images41.jpg', '2018-10-31 22:43:01', '2018-10-30 15:43:35', '69.73.17.222', 1, 0),
(2, 'Jhon ', 'Doe', 'Lorem Ipsum is simply dummy text of the printing and typesetting industry. Lorem Ipsum has been the industry\'s standard dummy text ever since the 1500s', 'admin@example.com', '827ccb0eea8a706c4c34a16891f84e7b', '', './assets/img/user/profile_img1.png', '2018-11-10 04:02:04', '2018-10-31 11:49:17', '162.158.165.21', 1, 1);

-- --------------------------------------------------------

--
-- Table structure for table `weekly_holiday`
--

CREATE TABLE IF NOT EXISTS `weekly_holiday` (
  `wk_id` int(11) NOT NULL AUTO_INCREMENT,
  `dayname` varchar(30) CHARACTER SET latin1 NOT NULL,
  PRIMARY KEY (`wk_id`)
) ENGINE=InnoDB AUTO_INCREMENT=2 DEFAULT CHARSET=utf8;

--
-- Dumping data for table `weekly_holiday`
--

INSERT INTO `weekly_holiday` (`wk_id`, `dayname`) VALUES
(1, 'Friday,Satarday,Sunday');
COMMIT;

/*!40101 SET CHARACTER_SET_CLIENT=@OLD_CHARACTER_SET_CLIENT */;
/*!40101 SET CHARACTER_SET_RESULTS=@OLD_CHARACTER_SET_RESULTS */;
/*!40101 SET COLLATION_CONNECTION=@OLD_COLLATION_CONNECTION */;
